frame_idx,t_sec,cam1_origin_source,cam2_origin_source,cam3_origin_source,cam1_origin_held_frames,cam2_origin_held_frames,cam3_origin_held_frames,n_direct_cams,n_anchor_cams,n_held_cams,n_total_tags,head_visible,head_pos_x,head_pos_y,head_pos_z,head_quat_w,head_quat_x,head_quat_y,head_quat_z,head_n_cams,pelvis_visible,pelvis_used_id,pelvis_pos_x,pelvis_pos_y,pelvis_pos_z,pelvis_quat_w,pelvis_quat_x,pelvis_quat_y,pelvis_quat_z,pelvis_n_cams,pelvis_link_pos_x,pelvis_link_pos_y,pelvis_link_pos_z,pelvis_link_quat_w,pelvis_link_quat_x,pelvis_link_quat_y,pelvis_link_quat_z,root_pos_x,root_pos_y,root_pos_z,root_quat_w,root_quat_x,root_quat_y,root_quat_z,torso_head_pos_x,torso_head_pos_y,torso_head_pos_z,torso_head_quat_w,torso_head_quat_x,torso_head_quat_y,torso_head_quat_z,torso_pelvis_pos_x,torso_pelvis_pos_y,torso_pelvis_pos_z,torso_pelvis_quat_w,torso_pelvis_quat_x,torso_pelvis_quat_y,torso_pelvis_quat_z,torso_pos_x,torso_pos_y,torso_pos_z,torso_quat_w,torso_quat_x,torso_quat_y,torso_quat_z,torso_path,box_visible,box_n_tags,obj_pos_x,obj_pos_y,obj_pos_z,obj_quat_w,obj_quat_x,obj_quat_y,obj_quat_z,torso_rot6d_0,torso_rot6d_1,torso_rot6d_2,torso_rot6d_3,torso_rot6d_4,torso_rot6d_5,obj_rot6d_0,obj_rot6d_1,obj_rot6d_2,obj_rot6d_3,obj_rot6d_4,obj_rot6d_5,obj_in_torso_pos_x,obj_in_torso_pos_y,obj_in_torso_pos_z,obj_in_torso_rot6d_0,obj_in_torso_rot6d_1,obj_in_torso_rot6d_2,obj_in_torso_rot6d_3,obj_in_torso_rot6d_4,obj_in_torso_rot6d_5,torso_yaw_rad,obj_yaw_rad
1,0.6034219264984131,direct,direct,direct,0,0,0,3,0,0,5,0,,,,,,,,0,0,-1,,,,,,,,0,,,,,,,,,,,,,,,,,,,,,,,,,,,,,,,,,,,,,1,5,0.06702658342558547,0.9155383372314836,-0.17582433349908147,-0.32832928085539126,-0.0854309642547339,0.021580965336735956,0.9404444138887862,,,,,,,-0.7698028673589763,-0.6212382415496811,-0.14651482055464282,0.6138635108366193,-0.7834682905362325,0.09669037070760056,,,,,,,,,,,-2.4625922048273408
2,0.6948175430297852,direct,direct,direct,0,0,0,3,0,0,6,0,,,,,,,,0,0,-1,,,,,,,,0,,,,,,,,,,,,,,,,,,,,,,,,,,,,,,,,,,,,,1,5,0.06690135864951706,0.9220849976194448,-0.18188290342715574,-0.32684495420297827,-0.09208028692023505,0.020304725177197544,0.9403623316616945,,,,,,,-0.76938719334548,-0.6184446962926505,-0.15990467267548983,0.6109660366120387,-0.7855201880950627,0.09837955174564143,,,,,,,,,,,-2.4645300306243008
3,0.8315696716308594,direct,direct,direct,0,0,0,3,0,0,6,0,,,,,,,,0,0,-1,,,,,,,,0,,,,,,,,,,,,,,,,,,,,,,,,,,,,,,,,,,,,,1,5,0.06982340816658225,0.9334007211188327,-0.1802789851665938,-0.3335498985157614,-0.0761365150140928,0.04838815517752936,0.9384062461003495,,,,,,,-0.7658953925632687,-0.633378827313013,-0.11061423399341574,0.6186424053002996,-0.7728061032772814,0.14160614782432188,,,,,,,,,,,-2.4506166626967807
4,0.949507474899292,direct,direct,direct,0,0,0,3,0,0,6,0,,,,,,,,0,0,-1,,,,,,,,0,,,,,,,,,,,,,,,,,,,,,,,,,,,,,,,,,,,,,1,5,0.06629544193337265,0.9224772476713571,-0.18437363961600192,-0.32763021326857533,-0.09551367806568165,0.022211251952403182,0.9397032728168291,,,,,,,-0.7670711613119072,-0.6199933241011475,-0.1649548773259322,0.6115074106274767,-0.7843302072805898,0.1043303057355156,,,,,,,,,,,-2.4618350750255464
5,1.0385980606079102,direct,direct,direct,0,0,0,3,0,0,6,0,,,,,,,,0,0,-1,,,,,,,,0,,,,,,,,,,,,,,,,,,,,,,,,,,,,,,,,,,,,,1,5,0.06447757197557019,0.9225480856179227,-0.17668691048768906,-0.3281936162369106,-0.09763294911677926,0.018226909542577954,0.9393745457891791,,,,,,,-0.7655135150161996,-0.6201525522307653,-0.1714639037500616,0.6130343645030591,-0.7839134600597324,0.09832881101441937,,,,,,,,,,,-2.4607155153708886
6,1.124866008758545,direct,direct,direct,0,0,0,3,0,0,6,0,,,,,,,,0,0,-1,,,,,,,,0,,,,,,,,,,,,,,,,,,,,,,,,,,,,,,,,,,,,,1,5,0.06696266936155496,0.9226203628983611,-0.18718029753161178,-0.32759017799398144,-0.09779627491427045,0.024332139193512042,0.9394298860995597,,,,,,,-0.7662411277895281,-0.6202551923480826,-0.16780354718859464,0.6107368220527989,-0.7841852445682781,0.10979087571486763,,,,,,,,,,,-2.4610992164931718
7,1.2076084613800049,direct,direct,direct,0,0,0,3,0,0,6,0,,,,,,,,0,0,-1,,,,,,,,0,,,,,,,,,,,,,,,,,,,,,,,,,,,,,,,,,,,,,1,5,0.06702547964738341,0.9208756635291377,-0.18433565733171403,-0.32769987312316157,-0.09706628180056771,0.018895206521965593,0.939592412305979,,,,,,,-0.766381860184953,-0.6194768034821913,-0.1700215701813666,0.6121404537184273,-0.7845115286511121,0.0991248018151528,,,,,,,,,,,-2.4618030216097715
8,1.291262149810791,direct,direct,direct,0,0,0,3,0,0,6,0,,,,,,,,0,0,-1,,,,,,,,0,,,,,,,,,,,,,,,,,,,,,,,,,,,,,,,,,,,,,1,5,0.06634959536404107,0.9293151573100308,-0.17966918019845957,-0.3325509999445275,-0.08680778021345065,0.044437343415862245,0.9380296179974538,,,,,,,-0.7637484834606166,-0.6316003891663005,-0.13330117185001328,0.6161703606042453,-0.7748703098920716,0.1411031167643014,,,,,,,,,,,-2.4506189884097314
9,1.3728196620941162,direct,direct,direct,0,0,0,3,0,0,6,0,,,,,,,,0,0,-1,,,,,,,,0,,,,,,,,,,,,,,,,,,,,,,,,,,,,,,,,,,,,,1,5,0.06142492762209212,0.9321268438135859,-0.17904291665347588,-0.332933054491163,-0.08391291095824392,0.03938907169793782,0.9383830271442855,,,,,,,-0.7642284092033965,-0.6314479583518561,-0.1312570548950399,0.618226951687388,-0.7752081645159186,0.12979883618577476,,,,,,,,,,,-2.4510460007345167
10,1.4562270641326904,direct,direct,direct,0,0,0,3,0,0,6,0,,,,,,,,0,0,-1,,,,,,,,0,,,,,,,,,,,,,,,,,,,,,,,,,,,,,,,,,,,,,1,5,0.06565513249491578,0.9228568372112578,-0.17242306206432087,-0.32793598744756275,-0.09804913125803354,0.017834807132757428,0.9394286964165371,,,,,,,-0.7656887119926735,-0.6196423290829103,-0.17252298494898152,0.6126475797008245,-0.7842798155826586,0.09781673658609116,,,,,,,,,,,-2.4612299654442573
11,1.5304110050201416,direct,direct,direct,0,0,0,3,0,0,6,0,,,,,,,,0,0,-1,,,,,,,,0,,,,,,,,,,,,,,,,,,,,,,,,,,,,,,,,,,,,,1,5,0.06358489010275484,0.9214721643546553,-0.18426524553054413,-0.32825880489325654,-0.09669642482071032,0.022318794867429242,0.9393603301356778,,,,,,,-0.7657919168738881,-0.6210228940089195,-0.16701288922536417,0.6123903033289704,-0.7834960568114334,0.10541368672799159,,,,,,,,,,,-2.4602073512622296
12,1.6069676876068115,direct,direct,direct,0,0,0,3,0,0,6,0,,,,,,,,0,0,-1,,,,,,,,0,,,,,,,,,,,,,,,,,,,,,,,,,,,,,,,,,,,,,1,5,0.06644846938350019,0.9229483826392303,-0.17386197670200218,-0.32766169509378634,-0.10070526099689421,0.017838992008325453,0.9392433307401981,,,,,,,-0.7649925279516285,-0.6191010844039742,-0.1774831808031428,0.6119151630194943,-0.7846391678647874,0.09950482158810381,,,,,,,,,,,-2.4612124693329775
13,1.682636022567749,direct,direct,direct,0,0,0,3,0,0,6,0,,,,,,,,0,0,-1,,,,,,,,0,,,,,,,,,,,,,,,,,,,,,,,,,,,,,,,,,,,,,1,5,0.06368970257680695,0.9315486796700514,-0.17615733070610523,-0.33328690786572085,-0.08071841363768874,0.045219607349894234,0.938274779505579,,,,,,,-0.7648087494902427,-0.6327295099208161,-0.12132989729878853,0.6181292900384056,-0.7737500483128554,0.13866161520936474,,,,,,,,,,,-2.450423106229905
14,1.763153314590454,direct,direct,direct,0,0,0,3,0,0,6,0,,,,,,,,0,0,-1,,,,,,,,0,,,,,,,,,,,,,,,,,,,,,,,,,,,,,,,,,,,,,1,5,0.0654428381771953,0.927672900997259,-0.18764512201361783,-0.33266145563307414,-0.08359937383474249,0.04770487703445859,0.9381213915787501,,,,,,,-0.7646950012610463,-0.6321298510641122,-0.1251135741637619,0.616177459668336,-0.7741212012864228,0.14512651003707674,,,,,,,,,,,-2.4508157214787447
15,1.8450994491577148,direct,direct,direct,0,0,0,3,0,0,6,0,,,,,,,,0,0,-1,,,,,,,,0,,,,,,,,,,,,,,,,,,,,,,,,,,,,,,,,,,,,,1,5,0.05796040162663483,0.9189285366424815,-0.20120533400623383,-0.3311648966527618,-0.08748842115476774,0.030994982135657555,0.9389967510440184,,,,,,,-0.7653511747776238,-0.6273489281350809,-0.14377378632517676,0.6165021199320049,-0.7787382446147519,0.1161545629481636,,,,,,,,,,,-2.4549617825625463
16,1.9267990589141846,direct,direct,direct,0,0,0,3,0,0,6,0,,,,,,,,0,0,-1,,,,,,,,0,,,,,,,,,,,,,,,,,,,,,,,,,,,,,,,,,,,,,1,5,0.06810887279960626,0.9377796169317076,-0.1679543591997276,-0.33778992398629454,-0.0686153518192388,0.0636820915014385,0.9365545856863111,,,,,,,-0.7623798014961108,-0.6414565428419015,-0.08550170709445701,0.623978266390077,-0.7636851169506718,0.16563865859416202,,,,,,,,,,,-2.442120112397059
17,2.0006027221679688,direct,direct,direct,0,0,0,3,0,0,6,0,,,,,,,,0,0,-1,,,,,,,,0,,,,,,,,,,,,,,,,,,,,,,,,,,,,,,,,,,,,,1,5,0.06035973408749974,0.9308525367136097,-0.18667571843556965,-0.334160320125195,-0.08223823993197683,0.04529503574626619,0.93782840225889,,,,,,,-0.763147504693436,-0.6342200462775195,-0.12397910702986921,0.6193201102078038,-0.7725704803811434,0.13991945517276422,,,,,,,,,,,-2.448198539888801
18,2.070908546447754,direct,direct,direct,0,0,0,3,0,0,6,0,,,,,,,,0,0,-1,,,,,,,,0,,,,,,,,,,,,,,,,,,,,,,,,,,,,,,,,,,,,,1,5,0.0650273994138457,0.9293304292071005,-0.1870558391798586,-0.33283159392529793,-0.08201700765097698,0.04461953416839766,0.9383525124982192,,,,,,,-0.7649926810822502,-0.6319458461477255,-0.12422014903881562,0.6173076034466355,-0.7744644545114815,0.13833340675774813,,,,,,,,,,,-2.451149793585119
19,2.1555562019348145,direct,direct,direct,0,0,0,3,0,0,6,0,,,,,,,,0,0,-1,,,,,,,,0,,,,,,,,,,,,,,,,,,,,,,,,,,,,,,,,,,,,,1,5,0.06449748493169315,0.9268714672761053,-0.1954661812343833,-0.33406669105558556,-0.08128402979739369,0.049025750696724865,0.9377573397183789,,,,,,,-0.7635847048541372,-0.6345170041465594,-0.11969365046524467,0.6185769618246704,-0.7719918433915894,0.14625708884227223,,,,,,,,,,,-2.4482499618949927
20,2.2326197624206543,direct,direct,direct,0,0,0,3,0,0,6,0,,,,,,,,0,0,-1,,,,,,,,0,,,,,,,,,,,,,,,,,,,,,,,,,,,,,,,,,,,,,1,5,0.0622071693236167,0.9306523499510713,-0.18274432609520563,-0.3333239393693654,-0.08095355010400994,0.04235036931891871,0.938375255634651,,,,,,,-0.7646833483376909,-0.632422699118919,-0.1236968326765067,0.6187090481405894,-0.7742031953236774,0.13344858972493218,,,,,,,,,,,-2.450580779636928
21,2.3211817741394043,direct,direct,direct,0,0,0,3,0,0,6,0,,,,,,,,0,0,-1,,,,,,,,0,,,,,,,,,,,,,,,,,,,,,,,,,,,,,,,,,,,,,1,5,0.060228380905331814,0.9360643097911062,-0.19565002768211612,-0.33927707026623843,-0.06978060058902555,0.07494877202834067,0.9350959410373016,,,,,,,-0.7600434747459854,-0.6449731632370689,-0.07964631316023062,0.6240532819348785,-0.7585475023260031,0.18751850047738902,,,,,,,,,,,-2.4379117162426818
22,2.3967628479003906,direct,direct,direct,0,0,0,3,0,0,6,0,,,,,,,,0,0,-1,,,,,,,,0,,,,,,,,,,,,,,,,,,,,,,,,,,,,,,,,,,,,,1,5,0.06020845472283455,0.9197403807516977,-0.19369342828105512,-0.32928321589549236,-0.09391165418098353,0.025500737902988516,0.9392033205355041,,,,,,,-0.7655063298770274,-0.6233174124899218,-0.15961034491871523,0.6137381465727011,-0.7818445521918511,0.10974781842674397,,,,,,,,,,,-2.458219833028141
23,2.469978094100952,direct,direct,direct,0,0,0,3,0,0,6,0,,,,,,,,0,0,-1,,,,,,,,0,,,,,,,,,,,,,,,,,,,,,,,,,,,,,,,,,,,,,1,5,0.05971915705302404,0.9292276840248642,-0.1969001658721788,-0.33451378256415487,-0.0790466850302615,0.04855622273241607,0.9378136510492413,,,,,,,-0.7637043017206963,-0.6350996003947416,-0.11577666911664157,0.619746766616387,-0.7714856450171633,0.1439577882609549,,,,,,,,,,,-2.4478757985819697
24,2.545522689819336,direct,direct,direct,0,0,0,3,0,0,6,0,,,,,,,,0,0,-1,,,,,,,,0,,,,,,,,,,,,,,,,,,,,,,,,,,,,,,,,,,,,,1,5,0.06052411610740143,0.929061510692972,-0.19378161317806042,-0.33347951217741806,-0.07977829278208216,0.044939469673512436,0.9383002094341402,,,,,,,-0.7648536779173751,-0.6329781805743023,-0.11973919280298209,0.6186374038979624,-0.7735437180467497,0.13754227993166374,,,,,,,,,,,-2.450258963410925
25,2.6216421127319336,direct,direct,direct,0,0,0,3,0,0,6,0,,,,,,,,0,0,-1,,,,,,,,0,,,,,,,,,,,,,,,,,,,,,,,,,,,,,,,,,,,,,1,5,0.06285931690140714,0.9198138379489477,-0.1824285393359117,-0.32775895290102214,-0.09677995358673337,0.019223098607022447,0.9395946902026,,,,,,,-0.7664154187539509,-0.6196419648062906,-0.16926677567439594,0.6122003224423677,-0.784409082546341,0.09956483525959312,,,,,,,,,,,-2.461694099005933
26,2.700198173522949,direct,direct,direct,0,0,0,3,0,0,6,0,,,,,,,,0,0,-1,,,,,,,,0,,,,,,,,,,,,,,,,,,,,,,,,,,,,,,,,,,,,,1,5,0.06430807638145399,0.9221572131154814,-0.16861728329401962,-0.3277616836636721,-0.10154434291535047,0.015478083088317739,0.9391599725753625,,,,,,,-0.7645220502876902,-0.6187847312352431,-0.18058651946930102,0.6124978841280732,-0.7846654153317326,0.09563748177840048,,,,,,,,,,,-2.461161572355512
27,2.7762205600738525,direct,direct,direct,0,0,0,3,0,0,6,0,,,,,,,,0,0,-1,,,,,,,,0,,,,,,,,,,,,,,,,,,,,,,,,,,,,,,,,,,,,,1,5,0.06344632982096944,0.9203583757248184,-0.17950452634976882,-0.3277149120891488,-0.0961677584108899,0.018165238490321093,0.9396939516391578,,,,,,,-0.7667093972732532,-0.6193972620374898,-0.16883048277294985,0.6124096209710366,-0.784545921009983,0.09717074646574568,,,,,,,,,,,-2.4620746804802494
28,2.8536176681518555,direct,direct,direct,0,0,0,3,0,0,6,0,,,,,,,,0,0,-1,,,,,,,,0,,,,,,,,,,,,,,,,,,,,,,,,,,,,,,,,,,,,,1,5,0.05988664150882083,0.9252543690438175,-0.19911669751666058,-0.3339498697436309,-0.08532147807877928,0.044345280070852575,0.9376733045214106,,,,,,,-0.7623954597533287,-0.6338389654969353,-0.1303891435867481,0.6187045461310849,-0.7730219612672985,0.14014896358941237,,,,,,,,,,,-2.448009336229444
29,2.9304444789886475,direct,direct,direct,0,0,0,3,0,0,6,0,,,,,,,,0,0,-1,,,,,,,,0,,,,,,,,,,,,,,,,,,,,,,,,,,,,,,,,,,,,,1,5,0.05975912859189035,0.9179816130686747,-0.20190913238711566,-0.32876436089147026,-0.0876055372846005,0.026184783672297856,0.9399753305000801,,,,,,,-0.7684785296893996,-0.6226486416558004,-0.14747684038725004,0.613472913486629,-0.7824567042233163,0.10682925832473368,,,,,,,,,,,-2.460641595570647
30,3.0148017406463623,direct,direct,direct,0,0,0,3,0,0,6,0,,,,,,,,0,0,-1,,,,,,,,0,,,,,,,,,,,,,,,,,,,,,,,,,,,,,,,,,,,,,1,5,0.060995367574240206,0.9220437567263822,-0.177535603984945,-0.3290661718395115,-0.09313141160252218,0.01867815329797045,0.9395174938835298,,,,,,,-0.7660839894476219,-0.6218058957425462,-0.1627044840556848,0.6148478046114729,-0.7827331622805336,0.09638969774186683,,,,,,,,,,,-2.459777431987031
31,3.0913498401641846,direct,direct,direct,0,0,0,3,0,0,6,0,,,,,,,,0,0,-1,,,,,,,,0,,,,,,,,,,,,,,,,,,,,,,,,,,,,,,,,,,,,,1,5,0.0665514101529402,0.9298208680131577,-0.17471146680145633,-0.3317161274186125,-0.09176686330948032,0.039460812054398955,0.9380757421022812,,,,,,,-0.7630865072174757,-0.6295920946827733,-0.1459889612799208,0.6151073148992654,-0.7768145102448123,0.13491555814852577,,,,,,,,,,,-2.4517569548765676
32,3.1607930660247803,direct,direct,direct,0,0,0,3,0,0,6,0,,,,,,,,0,0,-1,,,,,,,,0,,,,,,,,,,,,,,,,,,,,,,,,,,,,,,,,,,,,,1,5,0.06437751865632539,0.9222123798190752,-0.17056232026215484,-0.32780098836797644,-0.10048164252245732,0.01721355282739775,0.9392303472205449,,,,,,,-0.7648999030819337,-0.6192205643716728,-0.1774655767310258,0.6123019801246965,-0.784500411248072,0.0982109458613504,,,,,,,,,,,-2.461058886469299
33,3.237687826156616,direct,direct,direct,0,0,0,3,0,0,6,0,,,,,,,,0,0,-1,,,,,,,,0,,,,,,,,,,,,,,,,,,,,,,,,,,,,,,,,,,,,,1,5,0.06067336854077629,0.9218228006957409,-0.17683288396291816,-0.32714040514296905,-0.09753595408581951,0.018029348073782807,0.9397557318747768,,,,,,,-0.766931785966926,-0.6183811610537274,-0.171523687365406,0.6113471223900401,-0.785308195861857,0.09770226945988779,,,,,,,,,,,-2.463018826239481
34,3.317518949508667,direct,direct,direct,0,0,0,3,0,0,6,0,,,,,,,,0,0,-1,,,,,,,,0,,,,,,,,,,,,,,,,,,,,,,,,,,,,,,,,,,,,,1,5,0.06215965863583819,0.9207180707903841,-0.18111793416874467,-0.3276462372503696,-0.0972932112251384,0.019993894316507506,0.9395649091229596,,,,,,,-0.76636394853035,-0.6195803546191446,-0.16972472584448578,0.6117992738873478,-0.7844963748114694,0.10132663212885093,,,,,,,,,,,-2.4617098782115017
35,3.395691394805908,direct,direct,direct,0,0,0,3,0,0,6,0,,,,,,,,0,0,-1,,,,,,,,0,,,,,,,,,,,,,,,,,,,,,,,,,,,,,,,,,,,,,1,5,0.06192074785946724,0.9177971494361435,-0.20126150066359352,-0.32869113539350164,-0.09311684371835462,0.027967011199134577,0.9394196278629959,,,,,,,-0.7665827818593247,-0.6227662078086567,-0.15656656401813424,0.6123494085642592,-0.7823599675966363,0.11375888067835295,,,,,,,,,,,-2.459340772394394
36,3.487551689147949,direct,direct,direct,0,0,0,3,0,0,6,0,,,,,,,,0,0,-1,,,,,,,,0,,,,,,,,,,,,,,,,,,,,,,,,,,,,,,,,,,,,,1,5,0.060300840001586344,0.9303797898897148,-0.18758925960445802,-0.33278537998539476,-0.08131376417586332,0.04374244514025144,0.9384713960034587,,,,,,,-0.7652839252470574,-0.6317328459860898,-0.12350759110585913,0.6175053945116497,-0.7746809787222572,0.13622213092936786,,,,,,,,,,,-2.4515021943671376
37,3.557874917984009,direct,direct,direct,0,0,0,3,0,0,6,0,,,,,,,,0,0,-1,,,,,,,,0,,,,,,,,,,,,,,,,,,,,,,,,,,,,,,,,,,,,,1,5,0.06259897736119292,0.9298619218507455,-0.1897849762277466,-0.3327940209149066,-0.07870361306133923,0.0434697108735693,0.9387035022683936,,,,,,,-0.7661077618687593,-0.6316322725425714,-0.11882579470446414,0.617947379324644,-0.7747170477597141,0.13399452338165607,,,,,,,,,,,-2.452108511279938
38,3.6342403888702393,direct,direct,direct,0,0,0,3,0,0,6,0,,,,,,,,0,0,-1,,,,,,,,0,,,,,,,,,,,,,,,,,,,,,,,,,,,,,,,,,,,,,1,5,0.06402820032698157,0.9283160570667133,-0.1846489258868218,-0.33244493947175724,-0.0867640305727208,0.04135193356508768,0.9382123335412003,,,,,,,-0.7639047304367911,-0.6309836057276855,-0.1353116850799735,0.616632164015356,-0.7755407596200963,0.13528231395723087,,,,,,,,,,,-2.4511992082475853
39,3.711144208908081,direct,direct,direct,0,0,0,3,0,0,6,0,,,,,,,,0,0,-1,,,,,,,,0,,,,,,,,,,,,,,,,,,,,,,,,,,,,,,,,,,,,,1,5,0.06305473732589494,0.9277845520673818,-0.197207471945008,-0.33300785704950125,-0.08580771851254812,0.04696003913300237,0.9378366367932089,,,,,,,-0.7634856051739405,-0.6326730050005617,-0.12967112028412922,0.6165548697235098,-0.7738010437358518,0.14523097924868572,,,,,,,,,,,-2.4496164088776036
40,3.788234233856201,direct,direct,direct,0,0,0,3,0,0,6,0,,,,,,,,0,0,-1,,,,,,,,0,,,,,,,,,,,,,,,,,,,,,,,,,,,,,,,,,,,,,1,5,0.0647043908179992,0.9279868973789722,-0.16585775523276697,-0.32948207543436664,-0.10198229534219232,0.027675755764576378,0.9382298364191259,,,,,,,-0.7620823468084005,-0.6239047016720428,-0.17312833365604963,0.6126149532792369,-0.781351229020644,0.1191351162613605,,,,,,,,,,,-2.455562343818495
41,3.8720290660858154,direct,direct,direct,0,0,0,3,0,0,6,0,,,,,,,,0,0,-1,,,,,,,,0,,,,,,,,,,,,,,,,,,,,,,,,,,,,,,,,,,,,,1,5,0.06525821702875814,0.9300136299298558,-0.17790454816539938,-0.3320752927435363,-0.0905753240530588,0.03938822993074114,0.9380675231372746,,,,,,,-0.7630442212439554,-0.6301532980977355,-0.14377182381381673,0.6158828913383221,-0.7763491345844352,0.13405329308430394,,,,,,,,,,,-2.4512923320098903
42,3.9523425102233887,direct,direct,direct,0,0,0,3,0,0,6,0,,,,,,,,0,0,-1,,,,,,,,0,,,,,,,,,,,,,,,,,,,,,,,,,,,,,,,,,,,,,1,5,0.06354777315532367,0.9291589447146441,-0.18420234129661398,-0.33243033098535707,-0.09245579030612053,0.04283351183992108,0.9376072163455741,,,,,,,-0.7618840037596738,-0.6312985669055302,-0.14489611533148306,0.6154577421505439,-0.7753107306088507,0.14179223755101997,,,,,,,,,,,-2.4496531777874044
43,4.040611743927002,direct,direct,direct,0,0,0,3,0,0,6,0,,,,,,,,0,0,-1,,,,,,,,0,,,,,,,,,,,,,,,,,,,,,,,,,,,,,,,,,,,,,1,5,0.06376372239580844,0.9268065836044946,-0.1931574211019789,-0.33206383916203464,-0.08322766091697945,0.0431419815111706,0.9385869872369574,,,,,,,-0.7656135263585174,-0.6305228091558599,-0.12758101501037986,0.6161603843218669,-0.7757447523045204,0.13625879811714067,,,,,,,,,,,-2.4526546047030733
44,4.13151741027832,direct,direct,direct,0,0,0,3,0,0,6,0,,,,,,,,0,0,-1,,,,,,,,0,,,,,,,,,,,,,,,,,,,,,,,,,,,,,,,,,,,,,1,5,0.06334191879649763,0.9267886876900373,-0.19173114917589645,-0.3331755647372468,-0.08353250630897671,0.04266140839588226,0.938187810454515,,,,,,,-0.7640327269035156,-0.6322897358875263,-0.1283108807220248,0.6180352784236105,-0.7743480945913932,0.13571080659449933,,,,,,,,,,,-2.4502659869531977
45,4.211447238922119,direct,direct,direct,0,0,0,3,0,0,6,0,,,,,,,,0,0,-1,,,,,,,,0,,,,,,,,,,,,,,,,,,,,,,,,,,,,,,,,,,,,,1,5,0.059682116767069325,0.927331875303474,-0.1984659705637961,-0.3345847176123458,-0.08067792647105224,0.04718321814957942,0.9377195118187781,,,,,,,-0.7630882778411964,-0.6351065245320238,-0.11973296420873539,0.6198799477138666,-0.7716536213306316,0.14247645107025816,,,,,,,,,,,-2.4474736968182427
46,4.288489818572998,direct,direct,direct,0,0,0,3,0,0,6,0,,,,,,,,0,0,-1,,,,,,,,0,,,,,,,,,,,,,,,,,,,,,,,,,,,,,,,,,,,,,1,5,0.06184923727560732,0.9283934361918151,-0.18964447991763395,-0.3335607506766848,-0.08709648867787477,0.04510348955116318,0.9376124479220077,,,,,,,-0.762302854535983,-0.633358135079389,-0.1332359962436991,0.6176447128112867,-0.7734058016766293,0.14268312678517223,,,,,,,,,,,-2.4483226670062446
47,4.360915660858154,direct,direct,direct,0,0,0,3,0,0,6,0,,,,,,,,0,0,-1,,,,,,,,0,,,,,,,,,,,,,,,,,,,,,,,,,,,,,,,,,,,,,1,5,0.06532296396593426,0.9294264474902676,-0.1815948539433827,-0.3320630017616553,-0.09093103476559707,0.04076334433907886,0.9379787095322529,,,,,,,-0.7629314195549933,-0.6303493579141246,-0.14351075232557725,0.6155227455890896,-0.7761450252386651,0.13685996295389125,,,,,,,,,,,-2.451066998063094
48,4.441638231277466,direct,direct,direct,0,0,0,3,0,0,6,0,,,,,,,,0,0,-1,,,,,,,,0,,,,,,,,,,,,,,,,,,,,,,,,,,,,,,,,,,,,,1,5,0.06035259530118124,0.9296637801287273,-0.18632691806559742,-0.33373947780882857,-0.08490584597261339,0.04310633085222204,0.9378436983378543,,,,,,,-0.7628179165431309,-0.6333108912747184,-0.1304842564971694,0.6186709733235853,-0.7735196103846983,0.13752686689207966,,,,,,,,,,,-2.448691310169384
49,4.546132564544678,direct,direct,direct,0,0,0,3,0,0,6,0,,,,,,,,0,0,-1,,,,,,,,0,,,,,,,,,,,,,,,,,,,,,,,,,,,,,,,,,,,,,1,5,0.06325792222495583,0.9241946590153611,-0.1702550470348883,-0.32663419336070926,-0.10157306094242526,0.01510715779783813,0.9395556347559502,,,,,,,-0.7659860340367702,-0.6168509542713709,-0.18099805489319062,0.6107130332327043,-0.7861637550217402,0.09474250012442666,,,,,,,,,,,-2.463626447337872
50,4.626345872879028,direct,direct,direct,0,0,0,3,0,0,6,0,,,,,,,,0,0,-1,,,,,,,,0,,,,,,,,,,,,,,,,,,,,,,,,,,,,,,,,,,,,,1,5,0.06419906252356163,0.9227488146235401,-0.16854966005478442,-0.32794843705956883,-0.10102242915756815,0.017481179922713207,0.939115913924261,,,,,,,-0.7644885828745803,-0.619495174899126,-0.17827769050309522,0.6124312098577939,-0.7842884619573915,0.09909400401955748,,,,,,,,,,,-2.4605789546343515
51,4.707271099090576,direct,direct,direct,0,0,0,3,0,0,6,0,,,,,,,,0,0,-1,,,,,,,,0,,,,,,,,,,,,,,,,,,,,,,,,,,,,,,,,,,,,,1,5,0.06236255214005721,0.9220899350495486,-0.17110722717442217,-0.3279403270336341,-0.10197578869627262,0.015672059399355825,0.9390476382905338,,,,,,,-0.7641121608496928,-0.6190995204378071,-0.18124124650666804,0.6127068379668307,-0.784419056918512,0.09631756772136485,,,,,,,,,,,-2.4606505499864184
52,4.797475576400757,direct,direct,direct,0,0,0,3,0,0,6,0,,,,,,,,0,0,-1,,,,,,,,0,,,,,,,,,,,,,,,,,,,,,,,,,,,,,,,,,,,,,1,5,0.06444114238662169,0.9221375638886433,-0.16848793475038742,-0.3265924724880998,-0.10182106315752304,0.01414749260867248,0.9395582347382567,,,,,,,-0.7659396560231629,-0.6165863193362998,-0.18209270753776283,0.6108242683825867,-0.7862744107339945,0.0930927718987185,,,,,,,,,,,-2.463806479365005
53,4.877518653869629,direct,direct,direct,0,0,0,3,0,0,6,0,,,,,,,,0,0,-1,,,,,,,,0,,,,,,,,,,,,,,,,,,,,,,,,,,,,,,,,,,,,,1,5,0.06525228025714348,0.9301493780247964,-0.16781384431987334,-0.3321586294364667,-0.09074138798168063,0.03487600459326865,0.9382005700817159,,,,,,,-0.7628732907960925,-0.6295922251178061,-0.14709851209699779,0.6169334368616117,-0.7769086183889969,0.12572244491346984,,,,,,,,,,,-2.4516196676736155
54,4.953755617141724,direct,direct,direct,0,0,0,3,0,0,6,0,,,,,,,,0,0,-1,,,,,,,,0,,,,,,,,,,,,,,,,,,,,,,,,,,,,,,,,,,,,,1,5,0.06616086107501734,0.9217453001583169,-0.17389818983419011,-0.3264530677408133,-0.10129998500349308,0.016334008316189422,0.9396275367257129,,,,,,,-0.7663334152018082,-0.6167978533906588,-0.17970393651171973,0.6101793142007513,-0.7863231894698772,0.0968351497309741,,,,,,,,,,,-2.4638899760567883
55,5.035871982574463,direct,direct,direct,0,0,0,3,0,0,6,0,,,,,,,,0,0,-1,,,,,,,,0,,,,,,,,,,,,,,,,,,,,,,,,,,,,,,,,,,,,,1,5,0.06763656958593785,0.9388468444530623,-0.1716244169635221,-0.3377935839674045,-0.07301053461472481,0.06164050115568074,0.9363575199051934,,,,,,,-0.7611299129314565,-0.641591936933803,-0.09508439463174326,0.6235903131606194,-0.7641918864954654,0.16476007388546118,,,,,,,,,,,-2.441207681160584
56,5.157819032669067,direct,direct,direct,0,0,0,3,0,0,6,0,,,,,,,,0,0,-1,,,,,,,,0,,,,,,,,,,,,,,,,,,,,,,,,,,,,,,,,,,,,,1,5,0.06534696934126932,0.9296550383323067,-0.17694890673138244,-0.331630049686984,-0.09230498437688708,0.03845116749095082,0.9380953084427904,,,,,,,-0.7630026000075821,-0.6292996563290688,-0.14767862040859253,0.6151027186709676,-0.7770860357263826,0.13336393276534447,,,,,,,,,,,-2.4519310366850364
57,5.268719673156738,direct,direct,direct,0,0,0,3,0,0,6,0,,,,,,,,0,0,-1,,,,,,,,0,,,,,,,,,,,,,,,,,,,,,,,,,,,,,,,,,,,,,1,5,0.06319421670859245,0.921371475584917,-0.17951599236989574,-0.3283942008779517,-0.09853164034050772,0.01901736046830475,0.9391949236885595,,,,,,,-0.7648975293630806,-0.6205999563104443,-0.1725904510734297,0.6131047094228886,-0.7835911776611001,0.10043645540920416,,,,,,,,,,,-2.459968921906134
58,5.35358452796936,direct,direct,direct,0,0,0,3,0,0,6,0,,,,,,,,0,0,-1,,,,,,,,0,,,,,,,,,,,,,,,,,,,,,,,,,,,,,,,,,,,,,1,5,0.0633597141414735,0.921994369289994,-0.1739134786174358,-0.32809630066699225,-0.09499718887828966,0.01755489532627674,0.9396915330276956,,,,,,,-0.7666567031877146,-0.6199539629230612,-0.16701671567042775,0.6132833000948655,-0.7840892862774363,0.09532882549204018,,,,,,,,,,,-2.4616018815358673
59,5.449495315551758,direct,direct,direct,0,0,0,3,0,0,6,0,,,,,,,,0,0,-1,,,,,,,,0,,,,,,,,,,,,,,,,,,,,,,,,,,,,,,,,,,,,,1,5,0.06259843296593251,0.9288872387352515,-0.1648355042893977,-0.3306563344809309,-0.1005483767754734,0.029714270391398682,0.9379090971573734,,,,,,,-0.7611128247909049,-0.6262266115945974,-0.1689600511054571,0.6142757249749078,-0.779566901205483,0.12223248443614475,,,,,,,,,,,-2.4531163953261004
60,5.532282590866089,direct,direct,direct,0,0,0,3,0,0,6,0,,,,,,,,0,0,-1,,,,,,,,0,,,,,,,,,,,,,,,,,,,,,,,,,,,,,,,,,,,,,1,5,0.05979895271051684,0.926894530378939,-0.19775121541565785,-0.33464746868380485,-0.084255812038222,0.045008131202173014,0.9374893588553364,,,,,,,-0.7618240596826032,-0.6350412750034068,-0.12785414006110538,0.6198724884323592,-0.7719706796584196,0.14078127656898295,,,,,,,,,,,-2.4467088403853157
61,5.621761322021484,direct,direct,direct,0,0,0,3,0,0,6,0,,,,,,,,0,0,-1,,,,,,,,0,,,,,,,,,,,,,,,,,,,,,,,,,,,,,,,,,,,,,1,5,0.06319638875192175,0.9222288077475554,-0.17709180774598446,-0.32876898169227187,-0.09716938381831748,0.0190650755638541,0.9392047649044055,,,,,,,-0.7649381350507904,-0.6212678716062806,-0.16998788561194852,0.6138577050263232,-0.7830949591415425,0.09970457836489613,,,,,,,,,,,-2.45946855331161
62,5.701899766921997,direct,direct,direct,0,0,0,3,0,0,6,0,,,,,,,,0,0,-1,,,,,,,,0,,,,,,,,,,,,,,,,,,,,,,,,,,,,,,,,,,,,,1,5,0.06278674886502489,0.9220926823778595,-0.18019046393088764,-0.32854312487735243,-0.0994094622358714,0.022604665978627262,0.9389708211599518,,,,,,,-0.7643543478275981,-0.6214790508830019,-0.17183195357851677,0.6124905801271744,-0.7830968883436382,0.10777083428269679,,,,,,,,,,,-2.458928551922806
63,5.778721809387207,direct,direct,direct,0,0,0,3,0,0,6,0,,,,,,,,0,0,-1,,,,,,,,0,,,,,,,,,,,,,,,,,,,,,,,,,,,,,,,,,,,,,1,5,0.061499278849899,0.9280122896160877,-0.19348753207428473,-0.3343771801623867,-0.08874269559945797,0.04631203981836855,0.9371082276515635,,,,,,,-0.7606332707287856,-0.6349149238425865,-0.13535164181639198,0.6184755028338205,-0.7720941927090252,0.14614585173535163,,,,,,,,,,,-2.4460372564054964
64,5.859456300735474,direct,direct,direct,0,0,0,3,0,0,6,0,,,,,,,,0,0,-1,,,,,,,,0,,,,,,,,,,,,,,,,,,,,,,,,,,,,,,,,,,,,,1,5,0.063507947665171,0.9216085725205586,-0.17576965564971353,-0.3280189693424547,-0.09852474864872822,0.0184045910167519,0.939338970066038,,,,,,,-0.7653928593104377,-0.6198686170563454,-0.1730221618904545,0.6126153862407133,-0.7841296535620401,0.09921227215328517,,,,,,,,,,,-2.4608624045954777
65,5.9370036125183105,direct,direct,direct,0,0,0,3,0,0,6,0,,,,,,,,0,0,-1,,,,,,,,0,,,,,,,,,,,,,,,,,,,,,,,,,,,,,,,,,,,,,1,5,0.060428145799693626,0.9284833478543326,-0.18699342820042056,-0.3336614346867825,-0.08711585191067243,0.0408182295326058,0.9377711594448079,,,,,,,-0.7621617506972707,-0.6329079706149207,-0.13615052885013967,0.6186843112580472,-0.7740078382811628,0.13469071713550448,,,,,,,,,,,-2.4485811494296126
66,6.024784564971924,direct,direct,direct,0,0,0,3,0,0,6,0,,,,,,,,0,0,-1,,,,,,,,0,,,,,,,,,,,,,,,,,,,,,,,,,,,,,,,,,,,,,1,5,0.06343422941603126,0.929266979344839,-0.17206428932352502,-0.33158010393078474,-0.09311772269930026,0.0334439226893323,0.9382245085435023,,,,,,,-0.7627674487930927,-0.6284216039444517,-0.15255198051011834,0.6159647162686038,-0.7778722774247998,0.12450778419879523,,,,,,,,,,,-2.4524650494669005
67,6.107828378677368,direct,direct,direct,0,0,0,3,0,0,6,0,,,,,,,,0,0,-1,,,,,,,,0,,,,,,,,,,,,,,,,,,,,,,,,,,,,,,,,,,,,,1,5,0.06263755286631445,0.9197328628538717,-0.1805522407223945,-0.3287936583005266,-0.09583379561988699,0.019133658996459142,0.9393319524916894,,,,,,,-0.7654212277568849,-0.6213600803680926,-0.1674574412323947,0.6140254757051834,-0.7830572667095277,0.0989648030282835,,,,,,,,,,,-2.459704877205185
68,6.188924551010132,direct,direct,direct,0,0,0,3,0,0,6,0,,,,,,,,0,0,-1,,,,,,,,0,,,,,,,,,,,,,,,,,,,,,,,,,,,,,,,,,,,,,1,5,0.062174483282591626,0.921531299264842,-0.17796790719457806,-0.32799400315252464,-0.09650264733059491,0.018167775124874285,0.9395621878838998,,,,,,,-0.7662143459083368,-0.6198480032208841,-0.16942263434187946,0.6128350496382546,-0.784179731685987,0.09744408831617538,,,,,,,,,,,-2.4614032540658326
69,6.270736932754517,direct,direct,direct,0,0,0,3,0,0,6,0,,,,,,,,0,0,-1,,,,,,,,0,,,,,,,,,,,,,,,,,,,,,,,,,,,,,,,,,,,,,1,5,0.061250724915355416,0.9245087588633654,-0.18033126261926116,-0.3304976697731871,-0.09285696565110049,0.031075972972104477,0.938713565529124,,,,,,,-0.7642977484091275,-0.6262565330934013,-0.15379111331468975,0.6147140508740205,-0.7796111483566611,0.11972089632165693,,,,,,,,,,,-2.4551409533506328
70,6.349745035171509,direct,direct,direct,0,0,0,3,0,0,6,0,,,,,,,,0,0,-1,,,,,,,,0,,,,,,,,,,,,,,,,,,,,,,,,,,,,,,,,,,,,,1,5,0.05917845349609522,0.9223471025390859,-0.18144943340345848,-0.32892979837184966,-0.09350379087226555,0.020353114442018174,0.9394934696782518,,,,,,,-0.7661244576711398,-0.6218609818186448,-0.1623029101700044,0.6142486083931022,-0.7827818769511287,0.0997556023690161,,,,,,,,,,,-2.4597599326935744
71,6.427330017089844,direct,direct,direct,0,0,0,3,0,0,6,0,,,,,,,,0,0,-1,,,,,,,,0,,,,,,,,,,,,,,,,,,,,,,,,,,,,,,,,,,,,,1,5,0.06490693869570459,0.9271153843469004,-0.168774355996354,-0.3309574925198699,-0.09603285498824315,0.031175823160852052,0.9382285952570465,,,,,,,-0.7624896578155346,-0.6270153732029143,-0.15956579674716917,0.6150397599839333,-0.7789904123904071,0.12206568331324309,,,,,,,,,,,-2.453385536552122
72,6.533250331878662,direct,direct,direct,0,0,0,3,0,0,6,0,,,,,,,,0,0,-1,,,,,,,,0,,,,,,,,,,,,,,,,,,,,,,,,,,,,,,,,,,,,,1,5,0.06322820366771696,0.9250602697534357,-0.17485650754916637,-0.33025585151548464,-0.09612002142114487,0.02793564419829348,0.938568917983654,,,,,,,-0.7633840280435612,-0.6253061038668246,-0.1619787090789372,0.6145654049918103,-0.7803013446460166,0.11592745374099096,,,,,,,,,,,-2.455299085570351
73,6.628574371337891,direct,direct,direct,0,0,0,3,0,0,6,0,,,,,,,,0,0,-1,,,,,,,,0,,,,,,,,,,,,,,,,,,,,,,,,,,,,,,,,,,,,,1,5,0.0617659469729768,0.9204201839252111,-0.18440654824153818,-0.3281758083364467,-0.09351852111113539,0.020499527266673312,0.9397524644361136,,,,,,,-0.7671098500638117,-0.6206422202518921,-0.16231362350670925,0.6129738783580654,-0.7837608164091253,0.0999099950574149,,,,,,,,,,,-2.461348276763077
74,6.718972682952881,direct,direct,direct,0,0,0,3,0,0,6,0,,,,,,,,0,0,-1,,,,,,,,0,,,,,,,,,,,,,,,,,,,,,,,,,,,,,,,,,,,,,1,5,0.06173211243584348,0.9284343148178293,-0.18101891020904312,-0.3326647443354977,-0.08860229494549657,0.038289592744894976,0.9380925904696291,,,,,,,-0.7629676024131783,-0.63092575512266,-0.14075911761156834,0.6173555719637558,-0.7757361499272561,0.13078808608333523,,,,,,,,,,,-2.4506414565790524
75,6.8037333488464355,direct,direct,direct,0,0,0,3,0,0,6,0,,,,,,,,0,0,-1,,,,,,,,0,,,,,,,,,,,,,,,,,,,,,,,,,,,,,,,,,,,,,1,5,0.061545196385792623,0.9273665962947722,-0.18546945085844893,-0.3333925321035963,-0.08814524495918341,0.04107370056200458,0.9377594502060648,,,,,,,-0.762159670657276,-0.6325248980113886,-0.13793074283594223,0.6180430924217163,-0.7743247413193904,0.13580843453357563,,,,,,,,,,,-2.448877359352387
76,6.883524656295776,direct,direct,direct,0,0,0,3,0,0,6,0,,,,,,,,0,0,-1,,,,,,,,0,,,,,,,,,,,,,,,,,,,,,,,,,,,,,,,,,,,,,1,5,0.062451598958602944,0.9272695415162,-0.17843481118956128,-0.3319840050743863,-0.09484913576904087,0.035280858414052006,0.93784088354486,,,,,,,-0.761580523637272,-0.6293890631429729,-0.15448143322868868,0.6160036274239219,-0.7770837628086749,0.1291524547954121,,,,,,,,,,,-2.4509453974017212
77,6.965636968612671,direct,direct,direct,0,0,0,3,0,0,6,0,,,,,,,,0,0,-1,,,,,,,,0,,,,,,,,,,,,,,,,,,,,,,,,,,,,,,,,,,,,,1,5,0.06210258373849695,0.919507547755871,-0.18744911127009942,-0.32849778718694594,-0.09580166305569583,0.02245503008927943,0.9393652201315166,,,,,,,-0.7658224903380864,-0.6214612508002005,-0.16523264521946895,0.6128563338941256,-0.7831699508739393,0.10512821721100254,,,,,,,,,,,-2.4598816596807804
78,7.0448243618011475,direct,direct,direct,0,0,0,3,0,0,6,0,,,,,,,,0,0,-1,,,,,,,,0,,,,,,,,,,,,,,,,,,,,,,,,,,,,,,,,,,,,,1,5,0.0600114713001563,0.9291089356208846,-0.19501816498158236,-0.33482537383844685,-0.0756889815177611,0.04849335887342278,0.937982697738035,,,,,,,-0.7643262942214971,-0.6354616407352741,-0.10951629611919604,0.6207799889612555,-0.7710807263582358,0.14165704622121483,,,,,,,,,,,-2.4479958586823285
79,7.118714332580566,direct,direct,direct,0,0,0,3,0,0,6,0,,,,,,,,0,0,-1,,,,,,,,0,,,,,,,,,,,,,,,,,,,,,,,,,,,,,,,,,,,,,1,5,0.06223775654199543,0.9231935203073484,-0.18745335288278453,-0.33021911109539426,-0.09357789418361788,0.030382357288027753,0.9387627116333233,,,,,,,-0.764397032775055,-0.6256810103608117,-0.15562920535222813,0.6143085422994201,-0.7800645020659807,0.11884606629802912,,,,,,,,,,,-2.455655313367047
80,7.2022082805633545,direct,direct,direct,0,0,0,3,0,0,6,0,,,,,,,,0,0,-1,,,,,,,,0,,,,,,,,,,,,,,,,,,,,,,,,,,,,,,,,,,,,,1,5,0.06054657721607096,0.9173026958610699,-0.19928062215789982,-0.3297903512331981,-0.09123348597230235,0.02896955770539102,0.939188766967099,,,,,,,-0.7658295505416509,-0.6247567741377846,-0.15226316917141097,0.6141847991916303,-0.7807981779196759,0.1145916131278861,,,,,,,,,,,-2.4572970087965547
81,7.286142110824585,direct,direct,direct,0,0,0,3,0,0,6,0,,,,,,,,0,0,-1,,,,,,,,0,,,,,,,,,,,,,,,,,,,,,,,,,,,,,,,,,,,,,1,5,0.06264301180490031,0.9301217423000768,-0.17837817963707767,-0.3328264922069067,-0.08797035886697446,0.04065869119500706,0.9379949961894097,,,,,,,-0.7629754840921229,-0.6315326878896765,-0.1379669337241013,0.617225649267731,-0.7751467938311097,0.13483302970480998,,,,,,,,,,,-2.4501742848988335
82,7.3755505084991455,direct,direct,direct,0,0,0,3,0,0,6,0,,,,,,,,0,0,-1,,,,,,,,0,,,,,,,,,,,,,,,,,,,,,,,,,,,,,,,,,,,,,1,5,0.06676881319117017,0.9291423610299355,-0.17051849600207833,-0.3325927900042734,-0.08377663938226458,0.03783660986538186,0.9385797258011075,,,,,,,-0.7647270214619751,-0.6306693473315519,-0.13209374316102715,0.6179900512509935,-0.7759008539821364,0.12675236228404574,,,,,,,,,,,-2.4519719396964397
83,7.45752477645874,direct,direct,direct,0,0,0,3,0,0,6,0,,,,,,,,0,0,-1,,,,,,,,0,,,,,,,,,,,,,,,,,,,,,,,,,,,,,,,,,,,,,1,5,0.06394027564260549,0.9366038080713314,-0.191301122225117,-0.33917631828128286,-0.06861727312740451,0.06997366532539236,0.9356039659528187,,,,,,,-0.7605021898914269,-0.644272221293204,-0.08093036537830821,0.6250666128717717,-0.7601262225561684,0.17748198572109333,,,,,,,,,,,-2.4387456980238382
84,7.53582763671875,direct,direct,direct,0,0,0,3,0,0,6,0,,,,,,,,0,0,-1,,,,,,,,0,,,,,,,,,,,,,,,,,,,,,,,,,,,,,,,,,,,,,1,5,0.06519544958641449,0.9292006520175167,-0.18274737830069313,-0.33481026758984767,-0.077308641026613,0.046797855077777,0.9379421194824085,,,,,,,-0.7638509174780665,-0.6353010611734345,-0.11368525647516922,0.6208295468573415,-0.7714240909530689,0.13955481233601702,,,,,,,,,,,-2.4478142474489366
85,7.614502429962158,direct,direct,direct,0,0,0,3,0,0,6,0,,,,,,,,0,0,-1,,,,,,,,0,,,,,,,,,,,,,,,,,,,,,,,,,,,,,,,,,,,,,1,5,0.06128673092680557,0.925939887980338,-0.18701024707083658,-0.3320262967436268,-0.09142612693401565,0.03601961037954691,0.9381377240323854,,,,,,,-0.7627996031691165,-0.629559055633283,-0.1476216815890084,0.6163865217505864,-0.7769222518776373,0.12829446730703065,,,,,,,,,,,-2.451598110515199
86,7.7050817012786865,direct,direct,direct,0,0,0,3,0,0,6,0,,,,,,,,0,0,-1,,,,,,,,0,,,,,,,,,,,,,,,,,,,,,,,,,,,,,,,,,,,,,1,5,0.06165747877348415,0.9281836032310172,-0.19196429212959282,-0.3341659912966189,-0.08415549204258359,0.04746119072504181,0.9375491340696657,,,,,,,-0.762501886839637,-0.6345823112681386,-0.12607998568995882,0.6186058318345674,-0.7721610512714187,0.14523820337528576,,,,,,,,,,,-2.447501720683432
87,7.81353759765625,direct,direct,direct,0,0,0,3,0,0,6,0,,,,,,,,0,0,-1,,,,,,,,0,,,,,,,,,,,,,,,,,,,,,,,,,,,,,,,,,,,,,1,5,0.06327342078016344,0.9282878801842462,-0.19053226909852014,-0.3334398641554945,-0.08652858809098556,0.044598043792445065,0.9377321978714569,,,,,,,-0.762661320869892,-0.6330726048669443,-0.13253975485104028,0.6176365818230228,-0.773657742963705,0.14134620456976385,,,,,,,,,,,-2.4487753593214623
88,7.918558120727539,direct,direct,direct,0,0,0,3,0,0,6,0,,,,,,,,0,0,-1,,,,,,,,0,,,,,,,,,,,,,,,,,,,,,,,,,,,,,,,,,,,,,1,5,0.06592296716278268,0.9369729585881255,-0.17377190501953688,-0.3369321169812502,-0.07635637166066037,0.057040352209243174,0.936692506254426,,,,,,,-0.7612929061067049,-0.6399143668514417,-0.1046074290322039,0.6224927895196652,-0.7664462935327572,0.15831236883428926,,,,,,,,,,,-2.4426030484638175
89,8.023891687393188,direct,direct,direct,0,0,0,3,0,0,6,0,,,,,,,,0,0,-1,,,,,,,,0,,,,,,,,,,,,,,,,,,,,,,,,,,,,,,,,,,,,,1,5,0.0628408316312867,0.9175456413288464,-0.19917012933787678,-0.3283119391102573,-0.09082538869423652,0.02688693614102336,0.9398080187310344,,,,,,,-0.7679240388124071,-0.6219844188935205,-0.1530622529160269,0.6122163531902985,-0.7829767266052224,0.11017523533418118,,,,,,,,,,,-2.460810601196143
90,8.119176387786865,direct,direct,direct,0,0,0,3,0,0,6,0,,,,,,,,0,0,-1,,,,,,,,0,,,,,,,,,,,,,,,,,,,,,,,,,,,,,,,,,,,,,1,5,0.06016203222059287,0.9291072732183511,-0.19622841455338333,-0.33414902711064437,-0.07769458409358648,0.04821199554041916,0.9380744015106399,,,,,,,-0.764615958567069,-0.6344049191280298,-0.11354661813863083,0.619421675360691,-0.7720400623340405,0.14237601709770076,,,,,,,,,,,-2.4490001058174453
91,8.20924711227417,direct,direct,direct,0,0,0,3,0,0,6,0,,,,,,,,0,0,-1,,,,,,,,0,,,,,,,,,,,,,,,,,,,,,,,,,,,,,,,,,,,,,1,5,0.06283945077472276,0.9197647199694149,-0.19475792426766375,-0.3282166022841579,-0.09682669105669107,0.024344912665704446,0.9393113323660873,,,,,,,-0.7657969077681099,-0.6213096226673738,-0.16592000733403592,0.6118806733174361,-0.7833623744246843,0.10929515980280774,,,,,,,,,,,-2.459984706432429
92,8.297619104385376,direct,direct,direct,0,0,0,3,0,0,6,0,,,,,,,,0,0,-1,,,,,,,,0,,,,,,,,,,,,,,,,,,,,,,,,,,,,,,,,,,,,,1,5,0.06474456247018359,0.9160539012212034,-0.22216164927160367,-0.33084251450150437,-0.08452487104844494,0.04928677486189303,0.938599803215555,,,,,,,-0.7667975535451316,-0.6293893545920934,-0.12605773361182473,0.6127255214337125,-0.7762280888440704,0.14844995612417025,,,,,,,,,,,-2.4542953388836395
93,8.385143756866455,direct,direct,direct,0,0,0,3,0,0,6,0,,,,,,,,0,0,-1,,,,,,,,0,,,,,,,,,,,,,,,,,,,,,,,,,,,,,,,,,,,,,1,5,0.061139569369705236,0.9259197087880646,-0.2034661407148356,-0.33410446461585236,-0.0822499406799333,0.05135417837501243,0.9375350139303222,,,,,,,-0.7632183079638037,-0.6349170240256353,-0.1199090780187179,0.6180215115255885,-0.7714739101743636,0.15125282546750451,,,,,,,,,,,-2.447704194692166
94,8.477852582931519,direct,direct,direct,0,0,0,3,0,0,6,0,,,,,,,,0,0,-1,,,,,,,,0,,,,,,,,,,,,,,,,,,,,,,,,,,,,,,,,,,,,,1,5,0.06273450966692116,0.9257869226494244,-0.21287476490325039,-0.3349403219342109,-0.08014881638155613,0.058007159167342684,0.9370305851254682,,,,,,,-0.7627822959504853,-0.636997061986091,-0.11134591149024893,0.6184002413904144,-0.7689003004558835,0.1623991053150513,,,,,,,,,,,-2.445814539341793
95,8.563076734542847,direct,direct,direct,0,0,0,3,0,0,6,0,,,,,,,,0,0,-1,,,,,,,,0,,,,,,,,,,,,,,,,,,,,,,,,,,,,,,,,,,,,,1,5,0.06142237328307611,0.9175801054911017,-0.20047074790852099,-0.3296746076650724,-0.09305668875675746,0.029711895817218795,0.9390273206810628,,,,,,,-0.7653102114770173,-0.6246767083474989,-0.15517503103636482,0.6136171457817549,-0.7808637126156543,0.11715741855618513,,,,,,,,,,,-2.4570274958716056
96,8.655655145645142,direct,direct,direct,0,0,0,3,0,0,6,0,,,,,,,,0,0,-1,,,,,,,,0,,,,,,,,,,,,,,,,,,,,,,,,,,,,,,,,,,,,,1,5,0.06414839443179624,0.9183465048680349,-0.20003522176311733,-0.3287211051523697,-0.09167218293530428,0.02873075438661458,0.9395281739552344,,,,,,,-0.7670772918065621,-0.622953101272703,-0.1533683866037347,0.6124178573847069,-0.7822339575595616,0.11425586898287154,,,,,,,,,,,-2.4595095200828667
97,8.754313707351685,direct,direct,direct,0,0,0,3,0,0,6,0,,,,,,,,0,0,-1,,,,,,,,0,,,,,,,,,,,,,,,,,,,,,,,,,,,,,,,,,,,,,1,5,0.058739727602699854,0.9301380062604452,-0.19514222696300293,-0.3349993678597258,-0.07658686087390894,0.04839253398700624,0.9378528876798221,,,,,,,-0.7638197525501291,-0.6357727135719153,-0.11123148066830192,0.6209477845007199,-0.770867172375801,0.14208325544195605,,,,,,,,,,,-2.447429307322797
98,8.84503698348999,direct,direct,direct,0,0,0,3,0,0,6,0,,,,,,,,0,0,-1,,,,,,,,0,,,,,,,,,,,,,,,,,,,,,,,,,,,,,,,,,,,,,1,5,0.0629058873541426,0.9189509743534425,-0.203076305267918,-0.3291760189466409,-0.09147690777331238,0.029570280201200567,0.9393618697943281,,,,,,,-0.7665502477893474,-0.6238407968879321,-0.15239218402634827,0.6130208057087467,-0.7815374941585266,0.11577839605301998,,,,,,,,,,,-2.45847611157367
99,8.934483528137207,direct,direct,direct,0,0,0,3,0,0,6,0,,,,,,,,0,0,-1,,,,,,,,0,,,,,,,,,,,,,,,,,,,,,,,,,,,,,,,,,,,,,1,5,0.06427687482221453,0.9208276665725079,-0.18347012248803699,-0.3286296218737658,-0.09555680282840218,0.022863009244579426,0.9393342066956797,,,,,,,-0.765742938120639,-0.621755522451886,-0.16449262299250014,0.6130166581860936,-0.782959708870776,0.10575760526479352,,,,,,,,,,,-2.4595991835535624
100,9.030366659164429,direct,direct,direct,0,0,0,3,0,0,6,0,,,,,,,,0,0,-1,,,,,,,,0,,,,,,,,,,,,,,,,,,,,,,,,,,,,,,,,,,,,,1,5,0.06264339818716273,0.925359443756711,-0.1902105797448466,-0.33217077217075214,-0.09255938280957457,0.04017689074101187,0.9378065665262649,,,,,,,-0.7621906775387937,-0.6304613591200543,-0.146914416343151,0.6155863662792708,-0.776096791131742,0.13684734723806768,,,,,,,,,,,-2.450502722121293
101,9.112982273101807,direct,direct,direct,0,0,0,3,0,0,6,0,,,,,,,,0,0,-1,,,,,,,,0,,,,,,,,,,,,,,,,,,,,,,,,,,,,,,,,,,,,,1,5,0.063354528195857,0.9272107320776896,-0.198940904663207,-0.3337957504608899,-0.08736244670940134,0.051351988569562294,0.9371825719405744,,,,,,,-0.7618963997583966,-0.6346275905692023,-0.12946697387180423,0.6166826491098815,-0.7718867404884059,0.154574804366699,,,,,,,,,,,-2.4470760123242834
102,9.202211141586304,direct,direct,direct,0,0,0,3,0,0,6,0,,,,,,,,0,0,-1,,,,,,,,0,,,,,,,,,,,,,,,,,,,,,,,,,,,,,,,,,,,,,1,5,0.06322797006885868,0.9267794532579107,-0.19948289883103987,-0.3334188214192769,-0.08567305522038389,0.04934458436195679,0.9375804654144257,,,,,,,-0.7629840342651706,-0.6336689501301673,-0.12774593965123124,0.616758944926692,-0.7727940030350519,0.14965905494146767,,,,,,,,,,,-2.4485205333189635
103,9.297375440597534,direct,direct,direct,0,0,0,3,0,0,6,0,,,,,,,,0,0,-1,,,,,,,,0,,,,,,,,,,,,,,,,,,,,,,,,,,,,,,,,,,,,,1,5,0.06253007067632008,0.9295310315793668,-0.17851266871981006,-0.3322853809851939,-0.09463717860936448,0.03915924627598714,0.9376016123276881,,,,,,,-0.7612604600167674,-0.6305144590973333,-0.15143985236474827,0.6156907767612183,-0.7761059580292422,0.13632464679095813,,,,,,,,,,,-2.4498615107339448
104,9.397511720657349,direct,direct,direct,0,0,0,3,0,0,6,0,,,,,,,,0,0,-1,,,,,,,,0,,,,,,,,,,,,,,,,,,,,,,,,,,,,,,,,,,,,,1,5,0.0595194268752719,0.927150656363912,-0.2096905451195186,-0.33417260495787066,-0.07665601515805621,0.05326631551925117,0.9378780438131401,,,,,,,-0.7649050508715177,-0.6349926650473732,-0.10818770025874432,0.6186599310879429,-0.770982739453349,0.15114729614277297,,,,,,,,,,,-2.448730795265181
105,9.509532690048218,direct,direct,direct,0,0,0,3,0,0,6,0,,,,,,,,0,0,-1,,,,,,,,0,,,,,,,,,,,,,,,,,,,,,,,,,,,,,,,,,,,,,1,5,0.06407939147473324,0.9354152346639508,-0.1855119489097895,-0.33682104416082626,-0.07913970006332428,0.06660064373224613,0.9358701012099641,,,,,,,-0.7605769841685961,-0.6409829993148651,-0.10326396148862224,0.6198999794388879,-0.7642318769297225,0.17797093520049886,,,,,,,,,,,-2.4413174890523583
106,9.610233545303345,direct,direct,direct,0,0,0,3,0,0,6,0,,,,,,,,0,0,-1,,,,,,,,0,,,,,,,,,,,,,,,,,,,,,,,,,,,,,,,,,,,,,1,5,0.058255279437826775,0.9266489924838096,-0.21037685258502423,-0.3354499909414894,-0.0765465326227842,0.05608440676040161,0.9372664889129012,,,,,,,-0.7632278638415669,-0.6373982041746177,-0.10586197226015664,0.6202259366877593,-0.7686556857913768,0.15648713736399994,,,,,,,,,,,-2.445792115967569
107,9.702560424804688,direct,direct,direct,0,0,0,3,0,0,6,0,,,,,,,,0,0,-1,,,,,,,,0,,,,,,,,,,,,,,,,,,,,,,,,,,,,,,,,,,,,,1,5,0.06114619960378898,0.9257749927573287,-0.20853292442443302,-0.33502924707714604,-0.08399157023679198,0.05431642579062845,0.9368834215746428,,,,,,,-0.7614016394641574,-0.636890938442036,-0.1209854369406333,0.6186424508748158,-0.7696102589845034,0.1580555827593776,,,,,,,,,,,-2.4450050716386227
108,9.817399263381958,direct,direct,direct,0,0,0,3,0,0,6,0,,,,,,,,0,0,-1,,,,,,,,0,,,,,,,,,,,,,,,,,,,,,,,,,,,,,,,,,,,,,1,5,0.0596978276548165,0.9289306262905125,-0.1995768932561668,-0.3345389717896992,-0.07739598917752108,0.05029187985831781,0.9378508751573678,,,,,,,-0.7641870744262477,-0.6352801145128939,-0.11152260481327121,0.6197105553559672,-0.7711088063484148,0.14611651635705428,,,,,,,,,,,-2.4480467568584436
109,9.913851022720337,direct,direct,direct,0,0,0,3,0,0,6,0,,,,,,,,0,0,-1,,,,,,,,0,,,,,,,,,,,,,,,,,,,,,,,,,,,,,,,,,,,,,1,5,0.0634493125090081,0.9297146771098478,-0.1809132271526073,-0.3335849645305479,-0.08760344920023908,0.04159368169947031,0.9377188665959844,,,,,,,-0.7620934142547479,-0.6329053296697147,-0.1365447605190689,0.618330329742473,-0.773982074163672,0.1364527471099936,,,,,,,,,,,-2.448539130414091
110,10.00610637664795,direct,direct,direct,0,0,0,3,0,0,6,0,,,,,,,,0,0,-1,,,,,,,,0,,,,,,,,,,,,,,,,,,,,,,,,,,,,,,,,,,,,,1,5,0.05959367188326119,0.9290806454522352,-0.19944956834698008,-0.3345034723593294,-0.07782663213555105,0.04802760370945357,0.9379465824832013,,,,,,,-0.7641008846199774,-0.6349684307488891,-0.11386364685561479,0.6200171241638988,-0.7716015525229575,0.1421612109110269,,,,,,,,,,,-2.448232546636353
111,10.097101211547852,direct,direct,direct,0,0,0,3,0,0,6,0,,,,,,,,0,0,-1,,,,,,,,0,,,,,,,,,,,,,,,,,,,,,,,,,,,,,,,,,,,,,1,5,0.060331209488564894,0.9322285494439015,-0.17911554770947102,-0.3340136995531766,-0.08521618122372017,0.04275881768645069,0.9377338292279442,,,,,,,-0.7623461019368925,-0.6337193773069459,-0.13125613009426085,0.6191444046794236,-0.7732130640417142,0.1371195235894074,,,,,,,,,,,-2.448070267641558
112,10.20366096496582,direct,direct,direct,0,0,0,3,0,0,6,0,,,,,,,,0,0,-1,,,,,,,,0,,,,,,,,,,,,,,,,,,,,,,,,,,,,,,,,,,,,,1,5,0.06287712976853511,0.9276602623649366,-0.19402226364765998,-0.3338911172669899,-0.0856279623414246,0.04684258612173766,0.9375448501276535,,,,,,,-0.7623691477509134,-0.6340978653948839,-0.12927946340853022,0.6180537245932555,-0.7726449878712577,0.14501488280114047,,,,,,,,,,,-2.4477916041818606
113,10.30680251121521,direct,direct,direct,0,0,0,3,0,0,6,0,,,,,,,,0,0,-1,,,,,,,,0,,,,,,,,,,,,,,,,,,,,,,,,,,,,,,,,,,,,,1,5,0.06344296631895095,0.9292969688816929,-0.18557392323933164,-0.332695356019305,-0.08533285955458567,0.04171233088192355,0.9382388739632472,,,,,,,-0.7640642063268505,-0.6314142973543923,-0.1323702145748035,0.6171765674630253,-0.7751477630711695,0.1350519528933932,,,,,,,,,,,-2.4509666613191863
114,10.398688793182373,direct,direct,direct,0,0,0,3,0,0,6,0,,,,,,,,0,0,-1,,,,,,,,0,,,,,,,,,,,,,,,,,,,,,,,,,,,,,,,,,,,,,1,5,0.06389674104926193,0.928780756932512,-0.18691938836745214,-0.33358376834112463,-0.0850592263654779,0.04360008713302194,0.9378623725853565,,,,,,,-0.7629735950188832,-0.6331285082267475,-0.1304591329671343,0.6182941495027375,-0.7736418038026558,0.13853051685336237,,,,,,,,,,,-2.4489331448208085
115,10.486407995223999,direct,direct,direct,0,0,0,3,0,0,6,0,,,,,,,,0,0,-1,,,,,,,,0,,,,,,,,,,,,,,,,,,,,,,,,,,,,,,,,,,,,,1,5,0.060851930336204556,0.9303732040403698,-0.18954001684063257,-0.33386752694685184,-0.07945097488259267,0.045078263725136444,0.9381833334589386,,,,,,,-0.7644400340811972,-0.6336209227273323,-0.1189788240658878,0.6192948747314252,-0.7730008491798405,0.13763555245151463,,,,,,,,,,,-2.449494643055717
116,10.575010538101196,direct,direct,direct,0,0,0,3,0,0,6,0,,,,,,,,0,0,-1,,,,,,,,0,,,,,,,,,,,,,,,,,,,,,,,,,,,,,,,,,,,,,1,5,0.060517479589236874,0.9304337285973707,-0.19191738949901216,-0.33385236100540266,-0.08354718199307411,0.045224058271216644,0.9378258121770887,,,,,,,-0.7631249388642687,-0.6337474084679623,-0.12650909035934046,0.6186340379605593,-0.7729947712091995,0.14060942628376719,,,,,,,,,,,-2.4485504410927152
117,10.659990787506104,direct,direct,direct,0,0,0,3,0,0,6,0,,,,,,,,0,0,-1,,,,,,,,0,,,,,,,,,,,,,,,,,,,,,,,,,,,,,,,,,,,,,1,5,0.061909210527367066,0.9279484228665424,-0.19351191475036145,-0.33306710395358524,-0.08628834795485282,0.04378420671091852,0.9379251401438653,,,,,,,-0.7632412505423884,-0.6323401540331539,-0.13269786384045437,0.6172278865787577,-0.7742984950133349,0.13961223674737672,,,,,,,,,,,-2.449717682313218
118,10.749896764755249,direct,direct,direct,0,0,0,3,0,0,6,0,,,,,,,,0,0,-1,,,,,,,,0,,,,,,,,,,,,,,,,,,,,,,,,,,,,,,,,,,,,,1,5,0.06019934557902066,0.9301655312432732,-0.19360005974168953,-0.3338117183427685,-0.08001782246552619,0.04672521709004,0.9380744314140603,,,,,,,-0.7643337695698479,-0.6337581760190337,-0.11893049661114907,0.6188027755159382,-0.7727729815698737,0.1410852365394033,,,,,,,,,,,-2.449319917319949
119,10.836176872253418,direct,direct,direct,0,0,0,3,0,0,6,0,,,,,,,,0,0,-1,,,,,,,,0,,,,,,,,,,,,,,,,,,,,,,,,,,,,,,,,,,,,,1,5,0.06195161144985238,0.9324779509886992,-0.1792213545595181,-0.33309427071982256,-0.08653944987299521,0.039713161419592816,0.938073555345939,,,,,,,-0.763118260858618,-0.6318073638829512,-0.13590428575800875,0.618060343315075,-0.7749421432473819,0.13215932294168914,,,,,,,,,,,-2.4500526001557685
120,10.919007778167725,direct,direct,direct,0,0,0,3,0,0,6,0,,,,,,,,0,0,-1,,,,,,,,0,,,,,,,,,,,,,,,,,,,,,,,,,,,,,,,,,,,,,1,5,0.06501416794497494,0.9320690652186399,-0.1688017488036505,-0.3308940164976064,-0.09376739705917532,0.03639088658303424,0.9382923470158593,,,,,,,-0.7634336501896579,-0.6277752041292208,-0.15187940886970497,0.6141260892829532,-0.7783697064395652,0.1303447220228391,,,,,,,,,,,-2.453398382773886
121,11.009608745574951,direct,direct,direct,0,0,0,3,0,0,6,0,,,,,,,,0,0,-1,,,,,,,,0,,,,,,,,,,,,,,,,,,,,,,,,,,,,,,,,,,,,,1,5,0.06115684765130043,0.9297436214641912,-0.1926519278699766,-0.33309985926097063,-0.08335586467005589,0.044950283326380486,0.9381235289738272,,,,,,,-0.7641925671708583,-0.6324713704088427,-0.12645032975035903,0.617483891473505,-0.7740479115783998,0.13986949042537908,,,,,,,,,,,-2.4502276556031917
122,11.098124504089355,direct,direct,direct,0,0,0,3,0,0,6,0,,,,,,,,0,0,-1,,,,,,,,0,,,,,,,,,,,,,,,,,,,,,,,,,,,,,,,,,,,,,1,5,0.061379087026205946,0.9320095681243108,-0.17805103266717248,-0.33299484684752423,-0.08529573365993541,0.04025922143667534,0.9381994803247975,,,,,,,-0.7636781395848146,-0.6316990641844031,-0.13323659943433497,0.6179633048683275,-0.7749872541246131,0.13234844079401425,,,,,,,,,,,-2.4504970302448585
123,11.19328498840332,direct,direct,direct,0,0,0,3,0,0,6,0,,,,,,,,0,0,-1,,,,,,,,0,,,,,,,,,,,,,,,,,,,,,,,,,,,,,,,,,,,,,1,5,0.06152579667331329,0.931085788157462,-0.1733121459923147,-0.3327589562000177,-0.09343594005858899,0.03685110599904443,0.9376476940518169,,,,,,,-0.7610824043480842,-0.6309077713745107,-0.1506949163408831,0.6171349004496335,-0.7758269461106433,0.13129000089745305,,,,,,,,,,,-2.4494402163943856
124,11.293837785720825,direct,direct,direct,0,0,0,3,0,0,6,0,,,,,,,,0,0,-1,,,,,,,,0,,,,,,,,,,,,,,,,,,,,,,,,,,,,,,,,,,,,,1,5,0.06319205456828098,0.9295294980471951,-0.1868672341641841,-0.33296810162728735,-0.08683497419152968,0.042197723927047216,0.9379825598865117,,,,,,,-0.7631838611117535,-0.631965021186123,-0.1347983907017379,0.6173080681135376,-0.7747031907881937,0.13698801124376828,,,,,,,,,,,-2.449972263927726
125,11.376147985458374,direct,direct,direct,0,0,0,3,0,0,6,0,,,,,,,,0,0,-1,,,,,,,,0,,,,,,,,,,,,,,,,,,,,,,,,,,,,,,,,,,,,,1,5,0.061000220971556565,0.9325948963558118,-0.1762469398190957,-0.3332924864586783,-0.08753281792905218,0.040330803979818516,0.9378846147079781,,,,,,,-0.7625082485111823,-0.6322403283381186,-0.13730745855676282,0.6181192526513275,-0.7745790894410661,0.13399934217156734,,,,,,,,,,,-2.4493231744107073
126,11.45587420463562,direct,direct,direct,0,0,0,3,0,0,6,0,,,,,,,,0,0,-1,,,,,,,,0,,,,,,,,,,,,,,,,,,,,,,,,,,,,,,,,,,,,,1,5,0.06112217222869985,0.9232936380882822,-0.16931827204458202,-0.3279732834867318,-0.09600082461152754,0.01660689232937664,0.9396497103282686,,,,,,,-0.7664347339856774,-0.6195485523631477,-0.16952106006344092,0.6131714509317271,-0.7843154728921847,0.09418073446405617,,,,,,,,,,,-2.461780128838139
127,11.538686990737915,direct,direct,direct,0,0,0,3,0,0,6,0,,,,,,,,0,0,-1,,,,,,,,0,,,,,,,,,,,,,,,,,,,,,,,,,,,,,,,,,,,,,1,5,0.06069684454622049,0.9277012324959467,-0.1777213623587957,-0.3311506739482072,-0.09058815696568476,0.032168112771864835,0.9386683277291853,,,,,,,-0.764266033922418,-0.6275093987808482,-0.14875948317400645,0.6158531985845777,-0.7786088873286899,0.1203870357053655,,,,,,,,,,,-2.4541406311418696
