frame_idx,t_sec,head_visible,head_pos_x,head_pos_y,head_pos_z,head_quat_w,head_quat_x,head_quat_y,head_quat_z,head_margin,pelvis_visible,pelvis_used_id,pelvis_pos_x,pelvis_pos_y,pelvis_pos_z,pelvis_quat_w,pelvis_quat_x,pelvis_quat_y,pelvis_quat_z,pelvis_margin_max,root_pos_x,root_pos_y,root_pos_z,root_quat_w,root_quat_x,root_quat_y,root_quat_z,torso_head_pos_x,torso_head_pos_y,torso_head_pos_z,torso_head_quat_w,torso_head_quat_x,torso_head_quat_y,torso_head_quat_z,torso_pelvis_pos_x,torso_pelvis_pos_y,torso_pelvis_pos_z,torso_pelvis_quat_w,torso_pelvis_quat_x,torso_pelvis_quat_y,torso_pelvis_quat_z,torso_pos_x,torso_pos_y,torso_pos_z,torso_quat_w,torso_quat_x,torso_quat_y,torso_quat_z,torso_path,box_visible,box_n_tags,obj_pos_x,obj_pos_y,obj_pos_z,obj_quat_w,obj_quat_x,obj_quat_y,obj_quat_z
1,0.5015575885772705,0,,,,,,,,0.0,0,-1,,,,,,,,0.0,,,,,,,,,,,,,,,,,,,,,,,,,,,,,,1,5,0.1965058164189116,0.07274940772639038,1.6527843290089366,-0.4971234815337404,0.2020917101053236,0.3235823339132908,0.7793084485578906
2,0.6156980991363525,0,,,,,,,,0.0,0,-1,,,,,,,,0.0,,,,,,,,,,,,,,,,,,,,,,,,,,,,,,1,5,0.1965011759897594,0.07264205057828979,1.6533538702412773,-0.49780803430587184,0.20201159517904732,0.3234428310190444,0.7789500699378148
3,0.7286090850830078,0,,,,,,,,0.0,0,-1,,,,,,,,0.0,,,,,,,,,,,,,,,,,,,,,,,,,,,,,,1,5,0.19693175153565062,0.07268299603361664,1.6568115305702158,-0.497143484999784,0.20187636405692322,0.3240833861600043,0.7791432780769477
4,0.8050057888031006,0,,,,,,,,0.0,0,-1,,,,,,,,0.0,,,,,,,,,,,,,,,,,,,,,,,,,,,,,,1,5,0.19700964533315352,0.0726839703400352,1.6578675653094384,-0.49738758199747096,0.20178536042137862,0.32412577490860456,0.7789934169389496
5,0.8774569034576416,0,,,,,,,,0.0,0,-1,,,,,,,,0.0,,,,,,,,,,,,,,,,,,,,,,,,,,,,,,1,5,0.19765270165391363,0.07252817018430521,1.6610560110470562,-0.4974300234947662,0.20212461362711695,0.32297858000978324,0.7793547646270915
6,0.951068639755249,0,,,,,,,,0.0,0,-1,,,,,,,,0.0,,,,,,,,,,,,,,,,,,,,,,,,,,,,,,1,5,0.19702720417598846,0.0726235909691855,1.6569342505563422,-0.497101196181605,0.20206707055015366,0.32434913140596455,0.7790102314541788
7,1.0297791957855225,0,,,,,,,,0.0,0,-1,,,,,,,,0.0,,,,,,,,,,,,,,,,,,,,,,,,,,,,,,1,5,0.19740213536195522,0.07255421332105715,1.6593678484476668,-0.49726605004675595,0.20201081063234377,0.3236077526812765,0.7792279064966388
8,1.1077513694763184,0,,,,,,,,0.0,0,-1,,,,,,,,0.0,,,,,,,,,,,,,,,,,,,,,,,,,,,,,,1,5,0.19723120879237183,0.07249814459952704,1.6571161100136576,-0.4972700090575334,0.2020444217689529,0.32341674886063493,0.7792959619299891
9,1.1840980052947998,0,,,,,,,,0.0,0,-1,,,,,,,,0.0,,,,,,,,,,,,,,,,,,,,,,,,,,,,,,1,5,0.19750933513610772,0.07239685954089958,1.658767230649635,-0.49785707948972024,0.20265431863864067,0.32262978646955626,0.7790889399944549
10,1.2619295120239258,0,,,,,,,,0.0,0,-1,,,,,,,,0.0,,,,,,,,,,,,,,,,,,,,,,,,,,,,,,1,5,0.19768486832615992,0.07225325709216165,1.659327675724913,-0.49745501412015414,0.2021899011387017,0.3224894560503194,0.7795244085598658
11,1.3410189151763916,0,,,,,,,,0.0,0,-1,,,,,,,,0.0,,,,,,,,,,,,,,,,,,,,,,,,,,,,,,1,5,0.19723505197276986,0.07250950416198196,1.6577193355841082,-0.49754095528807085,0.20247627683956446,0.3236386839860004,0.7789187103645874
12,1.4206225872039795,0,,,,,,,,0.0,0,-1,,,,,,,,0.0,,,,,,,,,,,,,,,,,,,,,,,,,,,,,,1,5,0.19740954130860508,0.07249982888251791,1.6581601995307822,-0.49715444784788715,0.2022396968738207,0.3235032367656918,0.7792831422503429
13,1.4969980716705322,0,,,,,,,,0.0,0,-1,,,,,,,,0.0,,,,,,,,,,,,,,,,,,,,,,,,,,,,,,1,5,0.19743758497763092,0.0724464034475178,1.6594584021504375,-0.49795065503513447,0.20246818976818323,0.3228263773360313,0.7789960894498572
14,1.5733392238616943,0,,,,,,,,0.0,0,-1,,,,,,,,0.0,,,,,,,,,,,,,,,,,,,,,,,,,,,,,,1,5,0.19753116693689143,0.07252472946293828,1.6584785839812675,-0.4976059378818333,0.2028180452377643,0.3230301566109193,0.7790408776377516
15,1.6514177322387695,0,,,,,,,,0.0,0,-1,,,,,,,,0.0,,,,,,,,,,,,,,,,,,,,,,,,,,,,,,1,5,0.19714290673586224,0.07251773260795638,1.6582311562732688,-0.49729970668793994,0.20219488382967044,0.32377033891337353,0.779091136081726
16,1.7287139892578125,0,,,,,,,,0.0,0,-1,,,,,,,,0.0,,,,,,,,,,,,,,,,,,,,,,,,,,,,,,1,5,0.19716599765665438,0.07238156870777204,1.6567865412663072,-0.49735368311942973,0.20245203617205512,0.32341744561884406,0.7791364725173048
17,1.803436279296875,0,,,,,,,,0.0,0,-1,,,,,,,,0.0,,,,,,,,,,,,,,,,,,,,,,,,,,,,,,1,5,0.1972411508061486,0.07247095217993627,1.6573424776436638,-0.4977770914798077,0.2025723440828762,0.32319003302282184,0.7789291464346287
18,1.8789658546447754,0,,,,,,,,0.0,0,-1,,,,,,,,0.0,,,,,,,,,,,,,,,,,,,,,,,,,,,,,,1,5,0.19709397698190215,0.07244529058565645,1.6575459853969896,-0.49740441383594325,0.20249262967120982,0.3233233252216629,0.779132601931768
19,1.9553313255310059,0,,,,,,,,0.0,0,-1,,,,,,,,0.0,,,,,,,,,,,,,,,,,,,,,,,,,,,,,,1,5,0.19734489267410055,0.07242117907696473,1.6573891780753187,-0.49748653422926364,0.20300604423496318,0.3229827521194961,0.7790878230969498
20,2.0305497646331787,0,,,,,,,,0.0,0,-1,,,,,,,,0.0,,,,,,,,,,,,,,,,,,,,,,,,,,,,,,1,5,0.19723384842016753,0.07231912877568325,1.658193439454316,-0.49759362675057106,0.2024204329371788,0.32313695264528464,0.7791078620973205
21,2.1067535877227783,0,,,,,,,,0.0,0,-1,,,,,,,,0.0,,,,,,,,,,,,,,,,,,,,,,,,,,,,,,1,5,0.19755552575639768,0.07242980581588865,1.6601799036441456,-0.4976203889120854,0.2025261003445121,0.3228910506747536,0.779165256291875
22,2.1806509494781494,0,,,,,,,,0.0,0,-1,,,,,,,,0.0,,,,,,,,,,,,,,,,,,,,,,,,,,,,,,1,5,0.19745201214566852,0.07229850712762782,1.6591778465708855,-0.49740841070591263,0.20243277170709065,0.32275002956210896,0.7793832589398241
23,2.2537693977355957,0,,,,,,,,0.0,0,-1,,,,,,,,0.0,,,,,,,,,,,,,,,,,,,,,,,,,,,,,,1,5,0.19727989134809656,0.0723463246596008,1.6580950131090286,-0.4975926707776044,0.20271566067296842,0.3229484327378438,0.779109879733599
24,2.3306074142456055,0,,,,,,,,0.0,0,-1,,,,,,,,0.0,,,,,,,,,,,,,,,,,,,,,,,,,,,,,,1,5,0.1973705815849054,0.0723008699223978,1.6571464549270387,-0.4975467875571324,0.20328081002559745,0.3228997057319172,0.7790121221811351
25,2.4081859588623047,0,,,,,,,,0.0,0,-1,,,,,,,,0.0,,,,,,,,,,,,,,,,,,,,,,,,,,,,,,1,5,0.1972117031581157,0.07236170116270513,1.6572683520739773,-0.49769694713745,0.2029107117884182,0.32316894729543316,0.7789010356621318
26,2.4872148036956787,0,,,,,,,,0.0,0,-1,,,,,,,,0.0,,,,,,,,,,,,,,,,,,,,,,,,,,,,,,1,5,0.19681842746985365,0.07258743840604383,1.6552827472539093,-0.497521808332368,0.20267638247403352,0.3242552165366201,0.7786224301737779
27,2.5628507137298584,0,,,,,,,,0.0,0,-1,,,,,,,,0.0,,,,,,,,,,,,,,,,,,,,,,,,,,,,,,1,5,0.19752779909413,0.07224763374639556,1.6586269446050017,-0.49753353885635043,0.2030245499214553,0.3223530083354784,0.7793137672717799
28,2.6379902362823486,0,,,,,,,,0.0,0,-1,,,,,,,,0.0,,,,,,,,,,,,,,,,,,,,,,,,,,,,,,1,5,0.19701323102467821,0.07245403282174437,1.6560836858862593,-0.4975989423529191,0.2027466257492775,0.32359449772195625,0.7788296985609969
29,2.7153310775756836,0,,,,,,,,0.0,0,-1,,,,,,,,0.0,,,,,,,,,,,,,,,,,,,,,,,,,,,,,,1,5,0.19743831507130288,0.07225245316541751,1.6574319542045846,-0.4974815217828531,0.20307358417334134,0.32241060299406965,0.7793103733254229
30,2.789442539215088,0,,,,,,,,0.0,0,-1,,,,,,,,0.0,,,,,,,,,,,,,,,,,,,,,,,,,,,,,,1,5,0.19746038321013706,0.07224125246819324,1.6576380193989468,-0.49772340426025086,0.20291701938835383,0.3225706086689443,0.7791304759262598
31,2.863725185394287,0,,,,,,,,0.0,0,-1,,,,,,,,0.0,,,,,,,,,,,,,,,,,,,,,,,,,,,,,,1,5,0.19723958666474856,0.07237291489370332,1.6563174244211183,-0.4978172590316054,0.20317892344174193,0.32272801351703606,0.7789370519950005
32,2.9434895515441895,0,,,,,,,,0.0,0,-1,,,,,,,,0.0,,,,,,,,,,,,,,,,,,,,,,,,,,,,,,1,5,0.19747489936417054,0.0723655649331139,1.6568530607397431,-0.4973918469332102,0.2031822076316151,0.32312259321923076,0.7790443702752706
33,3.021052598953247,0,,,,,,,,0.0,0,-1,,,,,,,,0.0,,,,,,,,,,,,,,,,,,,,,,,,,,,,,,1,5,0.1974068403413356,0.07224123264340579,1.6578047377462972,-0.49791350642209575,0.20328691183528458,0.3226017994622325,0.7788996408926228
34,3.0975492000579834,0,,,,,,,,0.0,0,-1,,,,,,,,0.0,,,,,,,,,,,,,,,,,,,,,,,,,,,,,,1,5,0.19747367970239377,0.07227829298041744,1.6576665951945988,-0.497512770722058,0.20323578467992504,0.3227702587757392,0.7790992355559324
35,3.177577018737793,0,,,,,,,,0.0,0,-1,,,,,,,,0.0,,,,,,,,,,,,,,,,,,,,,,,,,,,,,,1,5,0.1973017653104446,0.07227635519885586,1.6568711093680246,-0.4977430197983118,0.2034541598723169,0.32281217546343793,0.7788777763200526
36,3.2550723552703857,0,,,,,,,,0.0,0,-1,,,,,,,,0.0,,,,,,,,,,,,,,,,,,,,,,,,,,,,,,1,5,0.19749004111387508,0.07209540817300275,1.656685797284328,-0.49791265462012685,0.20326236520507332,0.32217359203720364,0.7790838054113456
37,3.3306846618652344,0,,,,,,,,0.0,0,-1,,,,,,,,0.0,,,,,,,,,,,,,,,,,,,,,,,,,,,,,,1,5,0.19740486898170426,0.07227999695912748,1.6574679986854164,-0.49723691530462405,0.20285473901774564,0.32276440224780356,0.7793770240121288
38,3.4076476097106934,0,,,,,,,,0.0,0,-1,,,,,,,,0.0,,,,,,,,,,,,,,,,,,,,,,,,,,,,,,1,5,0.19749453739927508,0.07216369152929866,1.658135630991722,-0.49735452599419716,0.20282357127015066,0.32237951216696453,0.7794693865350324
39,3.4837238788604736,0,,,,,,,,0.0,0,-1,,,,,,,,0.0,,,,,,,,,,,,,,,,,,,,,,,,,,,,,,1,5,0.197175469315794,0.07227743130159234,1.6568040976015226,-0.4977790808520065,0.2033063995774937,0.3228103932721178,0.7788940521999567
40,3.5588879585266113,0,,,,,,,,0.0,0,-1,,,,,,,,0.0,,,,,,,,,,,,,,,,,,,,,,,,,,,,,,1,5,0.1972232942090117,0.07243533603086141,1.656933029737721,-0.4975973273562608,0.2034798197802453,0.3232162285076815,0.778796592429227
41,3.635793447494507,0,,,,,,,,0.0,0,-1,,,,,,,,0.0,,,,,,,,,,,,,,,,,,,,,,,,,,,,,,1,5,0.19715234870442053,0.07233715716935679,1.6563062730875768,-0.49716082563192576,0.20293899517200678,0.3232714511272581,0.7791934590213364
42,3.7144293785095215,0,,,,,,,,0.0,0,-1,,,,,,,,0.0,,,,,,,,,,,,,,,,,,,,,,,,,,,,,,1,5,0.19734854049837966,0.07214801447609617,1.6570997210124758,-0.49762581891626134,0.20293202882810116,0.3226061567953748,0.7791741805407497
43,3.794752836227417,0,,,,,,,,0.0,0,-1,,,,,,,,0.0,,,,,,,,,,,,,,,,,,,,,,,,,,,,,,1,5,0.19734393770963904,0.07227387009713424,1.6574371324140291,-0.49748762920310047,0.20370069623602344,0.3227169164277941,0.7790159670983476
44,3.870879888534546,0,,,,,,,,0.0,0,-1,,,,,,,,0.0,,,,,,,,,,,,,,,,,,,,,,,,,,,,,,1,5,0.19734452099675592,0.07226276277324399,1.6563573859616603,-0.4974788556022956,0.2035224218363127,0.3226921215826082,0.7790784342458901
45,3.948289632797241,0,,,,,,,,0.0,0,-1,,,,,,,,0.0,,,,,,,,,,,,,,,,,,,,,,,,,,,,,,1,5,0.19753664609833219,0.07210905339815252,1.6567040456878215,-0.49753256102633,0.20338408287859647,0.32230637250611144,0.7792399295417075
46,4.024329900741577,0,,,,,,,,0.0,0,-1,,,,,,,,0.0,,,,,,,,,,,,,,,,,,,,,,,,,,,,,,1,5,0.19728149214564633,0.07226323605033051,1.6566909816819915,-0.49723917278453733,0.20303239293477648,0.32288835426581824,0.7792779755307082
47,4.099916934967041,0,,,,,,,,0.0,0,-1,,,,,,,,0.0,,,,,,,,,,,,,,,,,,,,,,,,,,,,,,1,5,0.19730645978443792,0.07203050874872553,1.6570901626411039,-0.4979446770035985,0.20354452605465492,0.3221259847129884,0.7790093545841767
48,4.177078723907471,0,,,,,,,,0.0,0,-1,,,,,,,,0.0,,,,,,,,,,,,,,,,,,,,,,,,,,,,,,1,5,0.19749567425703599,0.07251252794277983,1.6578811026469382,-0.49739623593353405,0.2034168340829305,0.32288201874165884,0.7790800844997522
49,4.250125885009766,0,,,,,,,,0.0,0,-1,,,,,,,,0.0,,,,,,,,,,,,,,,,,,,,,,,,,,,,,,1,5,0.19715307549199385,0.07226288708901873,1.6549066671997337,-0.49738047599422003,0.2033404940872835,0.32306276214660384,0.7790351450854507
50,4.327439308166504,0,,,,,,,,0.0,0,-1,,,,,,,,0.0,,,,,,,,,,,,,,,,,,,,,,,,,,,,,,1,5,0.19743411740629485,0.07226627645180665,1.65661007297489,-0.4971225358810257,0.2034995564284247,0.32279006129612503,0.7792712564833228
51,4.4041008949279785,0,,,,,,,,0.0,0,-1,,,,,,,,0.0,,,,,,,,,,,,,,,,,,,,,,,,,,,,,,1,5,0.19744154467873215,0.07225516278901253,1.6568141076158647,-0.49725273192432856,0.20303812674664237,0.3230599217864482,0.7791967188177452
52,4.482792377471924,0,,,,,,,,0.0,0,-1,,,,,,,,0.0,,,,,,,,,,,,,,,,,,,,,,,,,,,,,,1,5,0.19746597801465993,0.07222582985138792,1.6568778482107187,-0.49717497088901097,0.20295234059598713,0.3229464844594995,0.7793157023590451
53,4.559293746948242,0,,,,,,,,0.0,0,-1,,,,,,,,0.0,,,,,,,,,,,,,,,,,,,,,,,,,,,,,,1,5,0.19726815953513252,0.07215121373315983,1.6556229238739735,-0.49730431363608824,0.20353893421018185,0.32279086868462376,0.7791446444616998
54,4.633805274963379,0,,,,,,,,0.0,0,-1,,,,,,,,0.0,,,,,,,,,,,,,,,,,,,,,,,,,,,,,,1,5,0.19724804222551356,0.07216209483939527,1.6548672343471555,-0.4974459520077099,0.20356839215862574,0.3228448781053728,0.7790241454706152
55,4.709427118301392,0,,,,,,,,0.0,0,-1,,,,,,,,0.0,,,,,,,,,,,,,,,,,,,,,,,,,,,,,,1,5,0.1972258498139079,0.07213880138043109,1.6549973898833414,-0.49714105584462887,0.20335338924038754,0.32296987494957746,0.7792230935702491
56,4.7852630615234375,0,,,,,,,,0.0,0,-1,,,,,,,,0.0,,,,,,,,,,,,,,,,,,,,,,,,,,,,,,1,5,0.19758488781618547,0.07216571507580623,1.6570190925034178,-0.49763946154949346,0.2040986579487152,0.32220566958649727,0.779026450525642
57,4.859851837158203,0,,,,,,,,0.0,0,-1,,,,,,,,0.0,,,,,,,,,,,,,,,,,,,,,,,,,,,,,,1,5,0.1971480456247077,0.07219745315062073,1.655531463159085,-0.4972109213804888,0.20344072145553826,0.3227963948922794,0.7792276047203174
58,4.9336159229278564,0,,,,,,,,0.0,0,-1,,,,,,,,0.0,,,,,,,,,,,,,,,,,,,,,,,,,,,,,,1,5,0.19740249858205713,0.07193422419624718,1.6565390789758463,-0.49772910144843896,0.20364602872018853,0.32211335774843713,0.7791258058348812
59,5.007498502731323,0,,,,,,,,0.0,0,-1,,,,,,,,0.0,,,,,,,,,,,,,,,,,,,,,,,,,,,,,,1,5,0.19762763740779865,0.07217505213863537,1.6573934926127127,-0.4972950926772439,0.2038284246543656,0.32236961933160513,0.7792492493638008
60,5.0805253982543945,0,,,,,,,,0.0,0,-1,,,,,,,,0.0,,,,,,,,,,,,,,,,,,,,,,,,,,,,,,1,5,0.19747425546883926,0.07220989615389128,1.656549031547306,-0.49716840026528886,0.20363834325552818,0.32265571870371507,0.779261377280811
61,5.156766653060913,0,,,,,,,,0.0,0,-1,,,,,,,,0.0,,,,,,,,,,,,,,,,,,,,,,,,,,,,,,1,5,0.19734620999589347,0.07211567189978778,1.6562008595768956,-0.497477273825991,0.20341864884247368,0.32292244781224755,0.7790111090534645
62,5.231898546218872,0,,,,,,,,0.0,0,-1,,,,,,,,0.0,,,,,,,,,,,,,,,,,,,,,,,,,,,,,,1,5,0.19732515089361338,0.07216302620969048,1.6562921670868977,-0.4973427499035807,0.20307641183364233,0.3227142406407531,0.7792725318929056
63,5.312944412231445,0,,,,,,,,0.0,0,-1,,,,,,,,0.0,,,,,,,,,,,,,,,,,,,,,,,,,,,,,,1,5,0.19729850437201438,0.0721132177502325,1.6557578809235214,-0.49746046273357386,0.20380171980640316,0.3224817268741602,0.7791042823994171
64,5.387271404266357,0,,,,,,,,0.0,0,-1,,,,,,,,0.0,,,,,,,,,,,,,,,,,,,,,,,,,,,,,,1,5,0.1971898972728047,0.07217862906696057,1.6547433358214902,-0.49769459853363074,0.2040891686172118,0.32286947830947904,0.7787188182006058
65,5.461529016494751,0,,,,,,,,0.0,0,-1,,,,,,,,0.0,,,,,,,,,,,,,,,,,,,,,,,,,,,,,,1,5,0.1970686788582215,0.07226967159380766,1.654529221985704,-0.49712386903660316,0.20380623321197547,0.3233493092216548,0.7789583444343497
66,5.5375871658325195,0,,,,,,,,0.0,0,-1,,,,,,,,0.0,,,,,,,,,,,,,,,,,,,,,,,,,,,,,,1,5,0.19763882722960557,0.07206764025480593,1.657113020596037,-0.4974933089269055,0.20359657295560554,0.3223949385903685,0.7791728605547065
67,5.612248182296753,0,,,,,,,,0.0,0,-1,,,,,,,,0.0,,,,,,,,,,,,,,,,,,,,,,,,,,,,,,1,5,0.19721183947492438,0.07199551526739298,1.6560595474494317,-0.4975751122832497,0.20333066195326327,0.32273371715412463,0.779049804157501
68,5.688081979751587,0,,,,,,,,0.0,0,-1,,,,,,,,0.0,,,,,,,,,,,,,,,,,,,,,,,,,,,,,,1,5,0.1974881198641221,0.07218361602739928,1.6562694348502576,-0.49736693501798956,0.20360645542574127,0.3227702166276374,0.7790955849688309
69,5.764387845993042,0,,,,,,,,0.0,0,-1,,,,,,,,0.0,,,,,,,,,,,,,,,,,,,,,,,,,,,,,,1,5,0.19700486248489998,0.07216279279564011,1.6530317270469819,-0.49714736261629217,0.20345928428945928,0.3236224949373922,0.778920599451949
70,5.84240984916687,0,,,,,,,,0.0,0,-1,,,,,,,,0.0,,,,,,,,,,,,,,,,,,,,,,,,,,,,,,1,5,0.19726398602562883,0.07214225095005612,1.6552564297849606,-0.4972636224631229,0.20362572026306508,0.32273778337813047,0.7791699294777562
71,5.924624919891357,0,,,,,,,,0.0,0,-1,,,,,,,,0.0,,,,,,,,,,,,,,,,,,,,,,,,,,,,,,1,5,0.19723731465095334,0.07209269566725889,1.6552551258293693,-0.49768005521527375,0.20395237463087368,0.3226072950131478,0.7788725985215104
72,6.003884315490723,0,,,,,,,,0.0,0,-1,,,,,,,,0.0,,,,,,,,,,,,,,,,,,,,,,,,,,,,,,1,5,0.19736102404314382,0.0721037985894613,1.6556912857312898,-0.49741031953566206,0.20383236674551636,0.3226147659776626,0.7790732013485832
73,6.080987930297852,0,,,,,,,,0.0,0,-1,,,,,,,,0.0,,,,,,,,,,,,,,,,,,,,,,,,,,,,,,1,5,0.19763554492427374,0.07191251789363394,1.657178854558436,-0.497595874412703,0.20360176069902033,0.3221474024242192,0.7792083931266685
74,6.157390356063843,0,,,,,,,,0.0,0,-1,,,,,,,,0.0,,,,,,,,,,,,,,,,,,,,,,,,,,,,,,1,5,0.1972570866229229,0.07200804134169207,1.6550382514246522,-0.49767045053719094,0.203832767536351,0.3223880414154957,0.7790008191862586
75,6.230715274810791,0,,,,,,,,0.0,0,-1,,,,,,,,0.0,,,,,,,,,,,,,,,,,,,,,,,,,,,,,,1,5,0.19698457376282424,0.07214718748084738,1.6530549158991654,-0.4973348879265755,0.20419146383273737,0.32302416147650365,0.7788576548069014
76,6.3042051792144775,0,,,,,,,,0.0,0,-1,,,,,,,,0.0,,,,,,,,,,,,,,,,,,,,,,,,,,,,,,1,5,0.1970880200415807,0.07213412219495255,1.6542430489438176,-0.4974296677953575,0.20379812461416583,0.3229696738637198,0.7789227431299665
77,6.380614995956421,0,,,,,,,,0.0,0,-1,,,,,,,,0.0,,,,,,,,,,,,,,,,,,,,,,,,,,,,,,1,5,0.1972447351380439,0.07210780388406489,1.6552303251927358,-0.4973728369108281,0.20354226511816811,0.32326490397158475,0.7789034659533118
78,6.453978061676025,0,,,,,,,,0.0,0,-1,,,,,,,,0.0,,,,,,,,,,,,,,,,,,,,,,,,,,,,,,1,5,0.19731707357153444,0.07211612163885556,1.6560798077037813,-0.49730988313678864,0.20381393359951347,0.32262451401898146,0.7791381030081784
79,6.528942584991455,0,,,,,,,,0.0,0,-1,,,,,,,,0.0,,,,,,,,,,,,,,,,,,,,,,,,,,,,,,1,5,0.19720295732567528,0.07205451283772145,1.6553522325880354,-0.497533193492323,0.20371693367168442,0.32271625695385603,0.7789828944247942
80,6.607154130935669,0,,,,,,,,0.0,0,-1,,,,,,,,0.0,,,,,,,,,,,,,,,,,,,,,,,,,,,,,,1,5,0.197281103443327,0.07216078913500137,1.6550922145126798,-0.49709806826789327,0.20352388708086308,0.3231622288151387,0.7791262489347005
81,6.685682058334351,0,,,,,,,,0.0,0,-1,,,,,,,,0.0,,,,,,,,,,,,,,,,,,,,,,,,,,,,,,1,5,0.1971612939256919,0.07215761171922959,1.6543455019083464,-0.4972813099566947,0.20373234979104002,0.32315067643868634,0.7789596066123036
82,6.761423587799072,0,,,,,,,,0.0,0,-1,,,,,,,,0.0,,,,,,,,,,,,,,,,,,,,,,,,,,,,,,1,5,0.19714225894853238,0.07188626876356256,1.6547517117716026,-0.49769983991194117,0.2035286243256838,0.3226597805921358,0.7789490576539377
83,6.83682656288147,0,,,,,,,,0.0,0,-1,,,,,,,,0.0,,,,,,,,,,,,,,,,,,,,,,,,,,,,,,1,5,0.19720398540417627,0.07213877328616308,1.6553307496407659,-0.49765025242488753,0.20383907405593515,0.3229094286333005,0.778796095938584
84,6.9321370124816895,0,,,,,,,,0.0,0,-1,,,,,,,,0.0,,,,,,,,,,,,,,,,,,,,,,,,,,,,,,1,5,0.1974806580992882,0.07191360637077195,1.655156547356421,-0.49724665545168295,0.20394193593692658,0.3222812576123079,0.7792870083610038
85,7.0134711265563965,0,,,,,,,,0.0,0,-1,,,,,,,,0.0,,,,,,,,,,,,,,,,,,,,,,,,,,,,,,1,5,0.19728984042518163,0.07193298970525383,1.6547551015374373,-0.4972868937958656,0.20363863401772378,0.3226821053752189,0.7791747627232746
86,7.090708017349243,0,,,,,,,,0.0,0,-1,,,,,,,,0.0,,,,,,,,,,,,,,,,,,,,,,,,,,,,,,1,5,0.19744085750831833,0.07191548249151934,1.655085758555321,-0.49734993003955685,0.2036944086346774,0.3219954370142097,0.7794039860833695
87,7.168258428573608,0,,,,,,,,0.0,0,-1,,,,,,,,0.0,,,,,,,,,,,,,,,,,,,,,,,,,,,,,,1,5,0.19737049067688203,0.07208885013193053,1.6550001947861137,-0.49724903599899273,0.20397792402632756,0.3229897615134073,0.7789826805940517
88,7.250763416290283,0,,,,,,,,0.0,0,-1,,,,,,,,0.0,,,,,,,,,,,,,,,,,,,,,,,,,,,,,,1,5,0.19758136684361718,0.07198172274687191,1.6558711705687632,-0.4974386429893473,0.2039214557044726,0.3223289717320752,0.7791500948767373
89,7.333329200744629,0,,,,,,,,0.0,0,-1,,,,,,,,0.0,,,,,,,,,,,,,,,,,,,,,,,,,,,,,,1,5,0.19754829206290708,0.071958376079527,1.655591065042972,-0.4973631513585367,0.20364576569616216,0.3223553384986089,0.7792594776620793
90,7.412445783615112,0,,,,,,,,0.0,0,-1,,,,,,,,0.0,,,,,,,,,,,,,,,,,,,,,,,,,,,,,,1,5,0.1974185308876934,0.07213236640814827,1.654927027875924,-0.49743176036039244,0.2042354515386184,0.32304390457837673,0.7787760652680167
91,7.48849081993103,0,,,,,,,,0.0,0,-1,,,,,,,,0.0,,,,,,,,,,,,,,,,,,,,,,,,,,,,,,1,5,0.19765658247245357,0.07203092704419849,1.656853030569296,-0.4972618051871137,0.20394844972495585,0.32268697541087465,0.7791077222419387
92,7.5661609172821045,0,,,,,,,,0.0,0,-1,,,,,,,,0.0,,,,,,,,,,,,,,,,,,,,,,,,,,,,,,1,5,0.19744458254226505,0.07196011692995626,1.6557050128039124,-0.4974021786014784,0.20370567783630858,0.32275344310079257,0.7790540960076756
93,7.64318060874939,0,,,,,,,,0.0,0,-1,,,,,,,,0.0,,,,,,,,,,,,,,,,,,,,,,,,,,,,,,1,5,0.19752347653211266,0.07208098561928869,1.6560743548710497,-0.49738340209998194,0.20386723661064052,0.32272644907330933,0.779035005773631
94,7.7243735790252686,0,,,,,,,,0.0,0,-1,,,,,,,,0.0,,,,,,,,,,,,,,,,,,,,,,,,,,,,,,1,5,0.1976238588502277,0.07189351476349695,1.656440385883125,-0.4975015109289727,0.20366635041496386,0.3223309818359699,0.779175848240112
95,7.802883625030518,0,,,,,,,,0.0,0,-1,,,,,,,,0.0,,,,,,,,,,,,,,,,,,,,,,,,,,,,,,1,5,0.19741431625835534,0.07187452242778938,1.6553211068996685,-0.49740748322426914,0.2034467326023886,0.3227652868958978,0.7791134655497359
96,7.880973815917969,0,,,,,,,,0.0,0,-1,,,,,,,,0.0,,,,,,,,,,,,,,,,,,,,,,,,,,,,,,1,5,0.1975167914425179,0.07189877425250711,1.6559475481658594,-0.49759071622736617,0.20358893722555274,0.32246857485052766,0.7790821792324455
97,7.959571838378906,0,,,,,,,,0.0,0,-1,,,,,,,,0.0,,,,,,,,,,,,,,,,,,,,,,,,,,,,,,1,5,0.19737721059450847,0.07216328217217576,1.656100971284087,-0.49734791190693445,0.20400659942188584,0.32291697076171527,0.7789422262967954
98,8.038191080093384,0,,,,,,,,0.0,0,-1,,,,,,,,0.0,,,,,,,,,,,,,,,,,,,,,,,,,,,,,,1,5,0.19762755247675967,0.07207510827933084,1.6573985514637617,-0.49738314704781367,0.20375477714690027,0.32286323643002734,0.7790079116315561
99,8.11704158782959,0,,,,,,,,0.0,0,-1,,,,,,,,0.0,,,,,,,,,,,,,,,,,,,,,,,,,,,,,,1,5,0.19763039792150217,0.07177604067462345,1.6578236938264301,-0.4976508565308787,0.20331572501629688,0.3223313240485924,0.7791719056102201
100,8.195546388626099,0,,,,,,,,0.0,0,-1,,,,,,,,0.0,,,,,,,,,,,,,,,,,,,,,,,,,,,,,,1,5,0.19730819572647615,0.07197396179928083,1.6547700481751513,-0.4973797864884817,0.2041089092547156,0.3228698284505123,0.7789146134409467
101,8.26856803894043,0,,,,,,,,0.0,0,-1,,,,,,,,0.0,,,,,,,,,,,,,,,,,,,,,,,,,,,,,,1,5,0.19758104295302328,0.0719466789187446,1.6563080213219994,-0.4972956631846258,0.20374897289220845,0.32294131000846343,0.779032919531101
102,8.341556787490845,0,,,,,,,,0.0,0,-1,,,,,,,,0.0,,,,,,,,,,,,,,,,,,,,,,,,,,,,,,1,5,0.19725720525786147,0.07190502108317644,1.6550472555675255,-0.4971850777926926,0.20370922381600312,0.32300230573753774,0.7790886092356825
103,8.415633201599121,0,,,,,,,,0.0,0,-1,,,,,,,,0.0,,,,,,,,,,,,,,,,,,,,,,,,,,,,,,1,5,0.1978118940445816,0.07189859312190292,1.6582639215207409,-0.49749083128443716,0.20372762689738844,0.3224716195726093,0.779108452910695
104,8.4925856590271,0,,,,,,,,0.0,0,-1,,,,,,,,0.0,,,,,,,,,,,,,,,,,,,,,,,,,,,,,,1,5,0.19755939346395612,0.07187652594403524,1.6564116859953721,-0.4974999968121928,0.20330093137579058,0.3225540618407734,0.7791799289404361
105,8.569535970687866,0,,,,,,,,0.0,0,-1,,,,,,,,0.0,,,,,,,,,,,,,,,,,,,,,,,,,,,,,,1,5,0.19757874080943313,0.07170117354593425,1.6568376921378694,-0.4977401631401621,0.20343450456411397,0.32231611047604763,0.779090147080266
106,8.642281293869019,0,,,,,,,,0.0,0,-1,,,,,,,,0.0,,,,,,,,,,,,,,,,,,,,,,,,,,,,,,1,5,0.1977279565265726,0.0718376525245204,1.6570944470549425,-0.49756501765130656,0.20342479521175208,0.32268737224738686,0.7790508749079152
107,8.717597961425781,0,,,,,,,,0.0,0,-1,,,,,,,,0.0,,,,,,,,,,,,,,,,,,,,,,,,,,,,,,1,5,0.1974626855067391,0.07171254673008143,1.656317898922125,-0.4972985748093192,0.20336725547661022,0.32275264689685784,0.7792089680012694
108,8.790876626968384,0,,,,,,,,0.0,0,-1,,,,,,,,0.0,,,,,,,,,,,,,,,,,,,,,,,,,,,,,,1,5,0.1974324718446177,0.07166141050328986,1.6570100124854228,-0.4975685697244075,0.20321791703322653,0.3227592480642788,0.7790728235589184
109,8.862062692642212,0,,,,,,,,0.0,0,-1,,,,,,,,0.0,,,,,,,,,,,,,,,,,,,,,,,,,,,,,,1,5,0.19748598743694068,0.07169126570437791,1.6557690804413674,-0.49771829870591333,0.20364675498820434,0.32240693975996093,0.7790110779126844
110,8.937615871429443,0,,,,,,,,0.0,0,-1,,,,,,,,0.0,,,,,,,,,,,,,,,,,,,,,,,,,,,,,,1,5,0.19738505511503787,0.07193605414887964,1.6552090386707559,-0.4972098129037498,0.20364479891897835,0.3233253000605051,0.7789556779215692
111,9.01242733001709,0,,,,,,,,0.0,0,-1,,,,,,,,0.0,,,,,,,,,,,,,,,,,,,,,,,,,,,,,,1,5,0.19778555418897534,0.07167890386518283,1.6578502845893346,-0.49750378868329886,0.20329155452541184,0.3223340474597717,0.7792709964785078
112,9.08806300163269,0,,,,,,,,0.0,0,-1,,,,,,,,0.0,,,,,,,,,,,,,,,,,,,,,,,,,,,,,,1,5,0.19739615863026325,0.0716439848551181,1.6552593429511255,-0.49763419035903156,0.2032035562227064,0.32260668607693266,0.7790978458593091
113,9.16602897644043,0,,,,,,,,0.0,0,-1,,,,,,,,0.0,,,,,,,,,,,,,,,,,,,,,,,,,,,,,,1,5,0.19734516961909518,0.0718577652471329,1.6554741488743552,-0.49742331160104075,0.2031197777884556,0.3232379951665744,0.7789926850925598
114,9.240920066833496,0,,,,,,,,0.0,0,-1,,,,,,,,0.0,,,,,,,,,,,,,,,,,,,,,,,,,,,,,,1,5,0.19738905045902375,0.07178354612248819,1.6556438849959185,-0.4975691117887193,0.20318219762149928,0.3231422655623382,0.7789230063175193
115,9.31470012664795,0,,,,,,,,0.0,0,-1,,,,,,,,0.0,,,,,,,,,,,,,,,,,,,,,,,,,,,,,,1,5,0.19744154883701873,0.07167864430790574,1.6551091015176556,-0.4980164884643505,0.2034492762155569,0.32270647667663405,0.7787480331506185
116,9.390232563018799,0,,,,,,,,0.0,0,-1,,,,,,,,0.0,,,,,,,,,,,,,,,,,,,,,,,,,,,,,,1,5,0.1975926169466637,0.07171816736216466,1.6567512083334612,-0.49762471632401417,0.20362736308459936,0.32277143109667356,0.7789249912375791
117,9.46859335899353,0,,,,,,,,0.0,0,-1,,,,,,,,0.0,,,,,,,,,,,,,,,,,,,,,,,,,,,,,,1,5,0.19728313600906847,0.07161534349905037,1.6542762144338687,-0.4975875176537298,0.20322963537609656,0.32305928208562185,0.7789332948580516
118,9.545429229736328,0,,,,,,,,0.0,0,-1,,,,,,,,0.0,,,,,,,,,,,,,,,,,,,,,,,,,,,,,,1,5,0.19729384157421784,0.07174925032476628,1.655401366623868,-0.49749390904465296,0.2033514594755533,0.32318966607673766,0.7789072050853297
119,9.617713689804077,0,,,,,,,,0.0,0,-1,,,,,,,,0.0,,,,,,,,,,,,,,,,,,,,,,,,,,,,,,1,5,0.19724300330083122,0.0716725079049771,1.6548457796238456,-0.49735315402643104,0.2031764916045221,0.32308077850219563,0.7790879051824986
120,9.696819067001343,0,,,,,,,,0.0,0,-1,,,,,,,,0.0,,,,,,,,,,,,,,,,,,,,,,,,,,,,,,1,5,0.1976023484906842,0.07161449335196615,1.6567896999621294,-0.4975703157389287,0.203453425210477,0.3226641543200413,0.7790496313987448
121,9.773075580596924,0,,,,,,,,0.0,0,-1,,,,,,,,0.0,,,,,,,,,,,,,,,,,,,,,,,,,,,,,,1,5,0.19726298542327156,0.07164714253518037,1.6545340538952895,-0.4974845275111241,0.20334132295903787,0.32307502752393985,0.7789633995604078
122,9.84695315361023,0,,,,,,,,0.0,0,-1,,,,,,,,0.0,,,,,,,,,,,,,,,,,,,,,,,,,,,,,,1,5,0.19726290447107142,0.07146450967038155,1.6557232294164588,-0.49772392886465855,0.2028118386382662,0.32279437567354385,0.7790648495325798
123,9.921398162841797,0,,,,,,,,0.0,0,-1,,,,,,,,0.0,,,,,,,,,,,,,,,,,,,,,,,,,,,,,,1,5,0.19758965775314044,0.07138090619606711,1.6562695431681547,-0.497646345644521,0.20318188396364462,0.3220947382775354,0.779307523555088
124,9.997812032699585,0,,,,,,,,0.0,0,-1,,,,,,,,0.0,,,,,,,,,,,,,,,,,,,,,,,,,,,,,,1,5,0.1976415418455065,0.07144486391772682,1.6566333244525153,-0.49809525330121485,0.20351127050698412,0.32177084925068633,0.7790685476823743
125,10.0713529586792,0,,,,,,,,0.0,0,-1,,,,,,,,0.0,,,,,,,,,,,,,,,,,,,,,,,,,,,,,,1,5,0.19727358621494592,0.07167543067556251,1.6540213324852222,-0.4976992518289003,0.2032205711122486,0.3232684727239845,0.778777470622043
126,10.144092798233032,0,,,,,,,,0.0,0,-1,,,,,,,,0.0,,,,,,,,,,,,,,,,,,,,,,,,,,,,,,1,5,0.1973659841846376,0.07159681284196029,1.65559920534379,-0.49760643217525324,0.20329991159787567,0.3227492461595872,0.7790313913479542
127,10.219704866409302,0,,,,,,,,0.0,0,-1,,,,,,,,0.0,,,,,,,,,,,,,,,,,,,,,,,,,,,,,,1,5,0.19753359500530931,0.07158680166948028,1.6557551869603977,-0.49745376282551257,0.20312200418688114,0.32287032981366953,0.7791251217820253
128,10.296219110488892,0,,,,,,,,0.0,0,-1,,,,,,,,0.0,,,,,,,,,,,,,,,,,,,,,,,,,,,,,,1,5,0.19745870985566527,0.07151613811637317,1.6553459012294955,-0.4976645713380029,0.20330253390402947,0.32267080563025136,0.779026062039703
129,10.370052337646484,0,,,,,,,,0.0,0,-1,,,,,,,,0.0,,,,,,,,,,,,,,,,,,,,,,,,,,,,,,1,5,0.19753449854727229,0.07162183105141831,1.6558586322224027,-0.49754050751120577,0.202917307367951,0.32299703338095287,0.7790705527634424
130,10.443610668182373,0,,,,,,,,0.0,0,-1,,,,,,,,0.0,,,,,,,,,,,,,,,,,,,,,,,,,,,,,,1,5,0.19751961635795667,0.07139216099954947,1.6577262596305786,-0.49776700712874633,0.20269668590711817,0.32243885065996664,0.7792145068730699
131,10.515303611755371,0,,,,,,,,0.0,0,-1,,,,,,,,0.0,,,,,,,,,,,,,,,,,,,,,,,,,,,,,,1,5,0.19751135757230473,0.07145745823388719,1.6547064717605378,-0.49783938653321114,0.20311351568451724,0.3229751053309323,0.7788375480798192
132,10.589719772338867,0,,,,,,,,0.0,0,-1,,,,,,,,0.0,,,,,,,,,,,,,,,,,,,,,,,,,,,,,,1,5,0.197550922035784,0.07144873898044518,1.6558822948014729,-0.49737764219926633,0.20342541559010555,0.3229073986313856,0.7790791957441829
133,10.66418981552124,0,,,,,,,,0.0,0,-1,,,,,,,,0.0,,,,,,,,,,,,,,,,,,,,,,,,,,,,,,1,5,0.19749355207719704,0.07133419840672076,1.656103555955649,-0.49766340608561255,0.2027802124116945,0.3224074014690439,0.779271959700536
134,10.738412618637085,0,,,,,,,,0.0,0,-1,,,,,,,,0.0,,,,,,,,,,,,,,,,,,,,,,,,,,,,,,1,5,0.1974214271460041,0.07148524299073561,1.6557548446219426,-0.4976536579456352,0.20307809815593356,0.32302342520725785,0.7789454342571558
135,10.814613103866577,0,,,,,,,,0.0,0,-1,,,,,,,,0.0,,,,,,,,,,,,,,,,,,,,,,,,,,,,,,1,5,0.19749883262128956,0.07136099163373574,1.656430864907086,-0.4976903723953116,0.20270992215767286,0.3224950851680148,0.7792367424129341
136,10.888336658477783,0,,,,,,,,0.0,0,-1,,,,,,,,0.0,,,,,,,,,,,,,,,,,,,,,,,,,,,,,,1,5,0.19733550426180466,0.07136742738935535,1.655906429535417,-0.4979733045913743,0.2027179166813043,0.3229746952543181,0.7788551729276237
137,10.961992502212524,0,,,,,,,,0.0,0,-1,,,,,,,,0.0,,,,,,,,,,,,,,,,,,,,,,,,,,,,,,1,5,0.19751012011949984,0.07152961201260014,1.6567290970199722,-0.4979479389771971,0.20338384257132272,0.32269405539503765,0.7788141044318531
138,11.040283441543579,0,,,,,,,,0.0,0,-1,,,,,,,,0.0,,,,,,,,,,,,,,,,,,,,,,,,,,,,,,1,5,0.19744742360885542,0.07147495127719668,1.656820736067972,-0.4980586107701742,0.20271894012111563,0.32262048398752025,0.77894715794174
139,11.116855382919312,0,,,,,,,,0.0,0,-1,,,,,,,,0.0,,,,,,,,,,,,,,,,,,,,,,,,,,,,,,1,5,0.19747752551924397,0.07131915100299428,1.657489688204261,-0.4979533529357624,0.20243722885369037,0.3219427157565607,0.7793680224677948
140,11.191920518875122,0,,,,,,,,0.0,0,-1,,,,,,,,0.0,,,,,,,,,,,,,,,,,,,,,,,,,,,,,,1,5,0.19752011361743765,0.07130026495818094,1.6567726479833336,-0.49808528235007204,0.20279528355033502,0.32236600939397764,0.7790155842236984
141,11.26701045036316,0,,,,,,,,0.0,0,-1,,,,,,,,0.0,,,,,,,,,,,,,,,,,,,,,,,,,,,,,,1,5,0.1974923357949106,0.071417740796981,1.6566816090419612,-0.497712974190153,0.20281413866406786,0.32295608063522785,0.7790042300664848
142,11.340965986251831,0,,,,,,,,0.0,0,-1,,,,,,,,0.0,,,,,,,,,,,,,,,,,,,,,,,,,,,,,,1,5,0.1975759048015578,0.07153228012094334,1.65748396696496,-0.4980132221083935,0.2030667175009719,0.32248092273528706,0.7789433826154467
143,11.416482925415039,0,,,,,,,,0.0,0,-1,,,,,,,,0.0,,,,,,,,,,,,,,,,,,,,,,,,,,,,,,1,5,0.19761908610594392,0.07142643606334355,1.657694694466009,-0.49837745713591103,0.20330763944014485,0.3216960915894383,0.7789721038779882
144,11.491246700286865,0,,,,,,,,0.0,0,-1,,,,,,,,0.0,,,,,,,,,,,,,,,,,,,,,,,,,,,,,,1,5,0.19736451384330767,0.07144978629005808,1.6565639461824506,-0.49820092098238955,0.20281206710915511,0.3227867665024809,0.7787630006221941
145,11.565486192703247,0,,,,,,,,0.0,0,-1,,,,,,,,0.0,,,,,,,,,,,,,,,,,,,,,,,,,,,,,,1,5,0.19737427193302487,0.07129874518258707,1.6559024887774538,-0.49802334594295045,0.2034205886220413,0.3224498580087104,0.7788574324551403
146,11.640666723251343,0,,,,,,,,0.0,0,-1,,,,,,,,0.0,,,,,,,,,,,,,,,,,,,,,,,,,,,,,,1,5,0.19765438468053795,0.0712699049218404,1.6577312965020177,-0.4981783712298563,0.2030980854187912,0.3219789677295125,0.7790372407515744
147,11.71410584449768,0,,,,,,,,0.0,0,-1,,,,,,,,0.0,,,,,,,,,,,,,,,,,,,,,,,,,,,,,,1,5,0.19753978010309559,0.07141282099171228,1.6558246067610398,-0.4977964564505599,0.20279048321734489,0.3231091919102289,0.7788935472610236
148,11.788529634475708,0,,,,,,,,0.0,0,-1,,,,,,,,0.0,,,,,,,,,,,,,,,,,,,,,,,,,,,,,,1,5,0.1975210159085555,0.0713343411031965,1.6569422010725199,-0.49860122875856994,0.20311793277357526,0.32211776235299483,0.7787040947901412
149,11.861749649047852,0,,,,,,,,0.0,0,-1,,,,,,,,0.0,,,,,,,,,,,,,,,,,,,,,,,,,,,,,,1,5,0.19755074290758512,0.07129852944752217,1.6575482563956854,-0.498374129607959,0.20275580349255812,0.32204132970937155,0.7789754123504904
150,11.935007095336914,0,,,,,,,,0.0,0,-1,,,,,,,,0.0,,,,,,,,,,,,,,,,,,,,,,,,,,,,,,1,5,0.19763307796088828,0.07122449677520884,1.6568237145109201,-0.49813514520303054,0.20298843208756057,0.3223341353347302,0.7789465827322187
151,12.008365869522095,0,,,,,,,,0.0,0,-1,,,,,,,,0.0,,,,,,,,,,,,,,,,,,,,,,,,,,,,,,1,5,0.19744793685249173,0.07120510812824478,1.6568493408428853,-0.4984291121502402,0.20276701416950654,0.3221142824624998,0.7789071492543738
152,12.083449602127075,0,,,,,,,,0.0,0,-1,,,,,,,,0.0,,,,,,,,,,,,,,,,,,,,,,,,,,,,,,1,5,0.19763758612245608,0.07124798706567248,1.658201409362075,-0.4982787764710563,0.2029921824286829,0.32200280785377444,0.7789907743520669
153,12.15860104560852,0,,,,,,,,0.0,0,-1,,,,,,,,0.0,,,,,,,,,,,,,,,,,,,,,,,,,,,,,,1,5,0.1976475940044798,0.07097888106353938,1.6571257193537139,-0.49844992833938767,0.20280634287868982,0.32165116051053666,0.7790749560657534
154,12.231108903884888,0,,,,,,,,0.0,0,-1,,,,,,,,0.0,,,,,,,,,,,,,,,,,,,,,,,,,,,,,,1,5,0.19731431101833158,0.07124656563400546,1.6565461060733526,-0.49857039768048833,0.20305011613132615,0.3222638851284872,0.7786810625908839
155,12.305248737335205,0,,,,,,,,0.0,0,-1,,,,,,,,0.0,,,,,,,,,,,,,,,,,,,,,,,,,,,,,,1,5,0.1977035668638488,0.07091525226408428,1.658679346011382,-0.4986421605607433,0.20267943846082145,0.32134943749936384,0.779109478799586
156,12.38081693649292,0,,,,,,,,0.0,0,-1,,,,,,,,0.0,,,,,,,,,,,,,,,,,,,,,,,,,,,,,,1,5,0.19767424294707067,0.0710600449363129,1.6571770308011993,-0.4982440971282403,0.20292353255329712,0.32182793341882054,0.7791031002918206
157,12.456489562988281,0,,,,,,,,0.0,0,-1,,,,,,,,0.0,,,,,,,,,,,,,,,,,,,,,,,,,,,,,,1,5,0.19786732265770865,0.0713280435430166,1.6579837402526205,-0.4981746310397039,0.20369088564910182,0.32181381072399584,0.778953099563279
158,12.532349824905396,0,,,,,,,,0.0,0,-1,,,,,,,,0.0,,,,,,,,,,,,,,,,,,,,,,,,,,,,,,1,5,0.19779826635715408,0.07120243785959945,1.6565742157355854,-0.49826740206106296,0.20394518727385244,0.3212770684027192,0.779048780211937
159,12.605581045150757,0,,,,,,,,0.0,0,-1,,,,,,,,0.0,,,,,,,,,,,,,,,,,,,,,,,,,,,,,,1,5,0.19772712553662664,0.07126530125765335,1.6569644949286502,-0.4984036523143504,0.20317454602092364,0.3217984660367344,0.7789477841712579
160,12.68375539779663,0,,,,,,,,0.0,0,-1,,,,,,,,0.0,,,,,,,,,,,,,,,,,,,,,,,,,,,,,,1,5,0.19791615717965477,0.07119737677084303,1.6582924779765107,-0.49854337749937067,0.2032391092911462,0.32166873680607155,0.7788951078082644
161,12.760694026947021,0,,,,,,,,0.0,0,-1,,,,,,,,0.0,,,,,,,,,,,,,,,,,,,,,,,,,,,,,,1,5,0.19783797910642034,0.0708472266592565,1.6579499089873795,-0.4985765476712423,0.2030460785544055,0.32106666170264275,0.7791725834749477
162,12.835780382156372,0,,,,,,,,0.0,0,-1,,,,,,,,0.0,,,,,,,,,,,,,,,,,,,,,,,,,,,,,,1,5,0.19742351642061245,0.07116597867039628,1.6556660804913328,-0.49813122403235083,0.2030763043802827,0.32195305668359986,0.7790837744012933
163,12.911309719085693,0,,,,,,,,0.0,0,-1,,,,,,,,0.0,,,,,,,,,,,,,,,,,,,,,,,,,,,,,,1,5,0.19746570424051432,0.07117985646979247,1.6557005103283884,-0.49825379836436645,0.20305542325233084,0.3219806974423167,0.7789994082012242
164,12.987968444824219,0,,,,,,,,0.0,0,-1,,,,,,,,0.0,,,,,,,,,,,,,,,,,,,,,,,,,,,,,,1,5,0.19776194309304335,0.07102444204365617,1.6569425832185616,-0.49813423398608814,0.20284622571455277,0.3220074724767575,0.7791192985118417
165,13.064893960952759,0,,,,,,,,0.0,0,-1,,,,,,,,0.0,,,,,,,,,,,,,,,,,,,,,,,,,,,,,,1,5,0.19777340415955366,0.07100620176554955,1.6584938386631776,-0.4985612027171098,0.20290681243161085,0.3213794207897282,0.7790897384171935
166,13.14036250114441,0,,,,,,,,0.0,0,-1,,,,,,,,0.0,,,,,,,,,,,,,,,,,,,,,,,,,,,,,,1,5,0.19780364349451365,0.07097334419847723,1.6587655961596035,-0.49852290017502443,0.2026882642977579,0.32134140129628264,0.7791868128568312
167,13.217580318450928,0,,,,,,,,0.0,0,-1,,,,,,,,0.0,,,,,,,,,,,,,,,,,,,,,,,,,,,,,,1,5,0.19776258839133026,0.07104541040226295,1.657221659446011,-0.49834330871743665,0.20335198466818674,0.3214170819102081,0.7790975397499299
168,13.291960716247559,0,,,,,,,,0.0,0,-1,,,,,,,,0.0,,,,,,,,,,,,,,,,,,,,,,,,,,,,,,1,5,0.19791010209871077,0.07105675525740245,1.6580170540288564,-0.49852180524035716,0.20306418146519833,0.3217772669309312,0.7789097113223231
169,13.364424705505371,0,,,,,,,,0.0,0,-1,,,,,,,,0.0,,,,,,,,,,,,,,,,,,,,,,,,,,,,,,1,5,0.1976502830668877,0.07100147197561214,1.6559384027647337,-0.49823372973303365,0.20320631667913397,0.32142702708390675,0.779201520582456
170,13.440309762954712,0,,,,,,,,0.0,0,-1,,,,,,,,0.0,,,,,,,,,,,,,,,,,,,,,,,,,,,,,,1,5,0.19766572519999365,0.07101185270010243,1.6566856647140533,-0.49834161673177657,0.20262441354626146,0.32205255352456225,0.7790257587759868
171,13.518962621688843,0,,,,,,,,0.0,0,-1,,,,,,,,0.0,,,,,,,,,,,,,,,,,,,,,,,,,,,,,,1,5,0.19738765385291848,0.07075945414653213,1.6548034702947363,-0.4985672077555858,0.20256925680246007,0.3219721304471909,0.7789289972549454
172,13.623223543167114,0,,,,,,,,0.0,0,-1,,,,,,,,0.0,,,,,,,,,,,,,,,,,,,,,,,,,,,,,,1,5,0.19781143268733273,0.07095501503642261,1.6568038333608244,-0.49845311138336507,0.20302167374327287,0.3216523292987756,0.779016350790787
173,13.712496519088745,0,,,,,,,,0.0,0,-1,,,,,,,,0.0,,,,,,,,,,,,,,,,,,,,,,,,,,,,,,1,5,0.19751850992840858,0.07114306279755464,1.6557265562172745,-0.498394780333163,0.2027661385010662,0.3223937754557956,0.7788137065828918
174,13.792890071868896,0,,,,,,,,0.0,0,-1,,,,,,,,0.0,,,,,,,,,,,,,,,,,,,,,,,,,,,,,,1,5,0.1977401730265414,0.07111054888668131,1.6564681147096845,-0.4979435149113302,0.2032884731345178,0.3222271935723102,0.7790351008593254
175,13.868040084838867,0,,,,,,,,0.0,0,-1,,,,,,,,0.0,,,,,,,,,,,,,,,,,,,,,,,,,,,,,,1,5,0.1976512208847864,0.07110606666276668,1.6565307856465785,-0.49838092735514283,0.2032024369011884,0.3222264602182763,0.778778100116616
176,13.942984342575073,0,,,,,,,,0.0,0,-1,,,,,,,,0.0,,,,,,,,,,,,,,,,,,,,,,,,,,,,,,1,5,0.19737484966724422,0.07104794943805909,1.655236853796436,-0.49810797815101243,0.20263962681197747,0.32273341873184996,0.7788894428488972
177,14.047349214553833,0,,,,,,,,0.0,0,-1,,,,,,,,0.0,,,,,,,,,,,,,,,,,,,,,,,,,,,,,,1,5,0.1976541626356077,0.07082011101620467,1.65591891033955,-0.49840916345861686,0.20240702191463417,0.3216646813283956,0.779199291610325
178,14.14431381225586,0,,,,,,,,0.0,0,-1,,,,,,,,0.0,,,,,,,,,,,,,,,,,,,,,,,,,,,,,,1,5,0.19754740497346285,0.07086545044298538,1.6552402465903093,-0.4983516822945986,0.20252592470628994,0.32182629863045337,0.7791384242134564
179,14.22320032119751,0,,,,,,,,0.0,0,-1,,,,,,,,0.0,,,,,,,,,,,,,,,,,,,,,,,,,,,,,,1,5,0.1975342124730493,0.07090068962116977,1.6552910135030792,-0.498335632277965,0.2027435600846448,0.322096970297876,0.7789802232221649
180,14.29793405532837,0,,,,,,,,0.0,0,-1,,,,,,,,0.0,,,,,,,,,,,,,,,,,,,,,,,,,,,,,,1,5,0.19757441381916618,0.07098076139239587,1.655677471229835,-0.4984396100994659,0.20310893554383988,0.3221414531187868,0.7788001024452021
181,14.373952865600586,0,,,,,,,,0.0,0,-1,,,,,,,,0.0,,,,,,,,,,,,,,,,,,,,,,,,,,,,,,1,5,0.19778441783587622,0.07082759096089838,1.6560751402814304,-0.49839963720241454,0.20266039528243857,0.32156060254078533,0.7791824848609435
182,14.456876039505005,0,,,,,,,,0.0,0,-1,,,,,,,,0.0,,,,,,,,,,,,,,,,,,,,,,,,,,,,,,1,5,0.19760452437379378,0.07094616299402139,1.6554793430970949,-0.498528782905626,0.202708599106181,0.322060521684982,0.778880797577551
183,14.536255359649658,0,,,,,,,,0.0,0,-1,,,,,,,,0.0,,,,,,,,,,,,,,,,,,,,,,,,,,,,,,1,5,0.19786706155069494,0.07093650043462478,1.656771017089498,-0.4983941731906336,0.20278470972702597,0.3217213472302679,0.7790872764760647
184,14.612706661224365,0,,,,,,,,0.0,0,-1,,,,,,,,0.0,,,,,,,,,,,,,,,,,,,,,,,,,,,,,,1,5,0.19765469104743613,0.07083119597466325,1.6554265074190215,-0.49826208285788337,0.2026691061966682,0.3220870026459443,0.7790507640109975
185,14.686095476150513,0,,,,,,,,0.0,0,-1,,,,,,,,0.0,,,,,,,,,,,,,,,,,,,,,,,,,,,,,,1,5,0.19771098574868795,0.07105010884044076,1.656212883728029,-0.49846753107913666,0.2031285857646652,0.3223787058823249,0.7786789249098466
186,14.761831521987915,0,,,,,,,,0.0,0,-1,,,,,,,,0.0,,,,,,,,,,,,,,,,,,,,,,,,,,,,,,1,5,0.19761078134453514,0.07089832353168143,1.6540388813015674,-0.498582435870297,0.20324931551315834,0.32206323529149555,0.778704400179329
187,14.835481643676758,0,,,,,,,,0.0,0,-1,,,,,,,,0.0,,,,,,,,,,,,,,,,,,,,,,,,,,,,,,1,5,0.1975575899218285,0.07067562837740977,1.654440254459144,-0.49871079013959013,0.2030380831262676,0.322030082922908,0.7786910236360899
188,14.906574726104736,0,,,,,,,,0.0,0,-1,,,,,,,,0.0,,,,,,,,,,,,,,,,,,,,,,,,,,,,,,1,5,0.19758364362183817,0.07089162543706085,1.6554671246341375,-0.49874018201077863,0.20314695395630483,0.3222801874826241,0.7785403179683728
189,14.98132610321045,0,,,,,,,,0.0,0,-1,,,,,,,,0.0,,,,,,,,,,,,,,,,,,,,,,,,,,,,,,1,5,0.1978505121248312,0.07070929867036649,1.6567070816361216,-0.4985915598476557,0.20288343134017095,0.32139487541204204,0.7790700249625817
190,15.05511212348938,0,,,,,,,,0.0,0,-1,,,,,,,,0.0,,,,,,,,,,,,,,,,,,,,,,,,,,,,,,1,5,0.19755625782006256,0.0707936961581586,1.6544314735834171,-0.4985829311692104,0.20283584217736286,0.3223251964258192,0.7787035055937372
191,15.13079571723938,0,,,,,,,,0.0,0,-1,,,,,,,,0.0,,,,,,,,,,,,,,,,,,,,,,,,,,,,,,1,5,0.19750199951894923,0.07091552893405403,1.654594761172121,-0.4981527495370567,0.20289636831819818,0.3226863454410947,0.7788134720957431
192,15.203874588012695,0,,,,,,,,0.0,0,-1,,,,,,,,0.0,,,,,,,,,,,,,,,,,,,,,,,,,,,,,,1,5,0.19763214716920774,0.07081200238053732,1.6559741012994322,-0.49848675637473666,0.20289898022790934,0.32204849962652565,0.7788630954344751
193,15.277267217636108,0,,,,,,,,0.0,0,-1,,,,,,,,0.0,,,,,,,,,,,,,,,,,,,,,,,,,,,,,,1,5,0.19758730441931127,0.0706916804460656,1.6545800435834472,-0.49830813410373465,0.20255649797214867,0.3222667088750742,0.7789762749700029
194,15.352816581726074,0,,,,,,,,0.0,0,-1,,,,,,,,0.0,,,,,,,,,,,,,,,,,,,,,,,,,,,,,,1,5,0.19763241480349547,0.07069434027103594,1.6554048615009536,-0.49840133660544794,0.20284542692405952,0.3223086017314618,0.7788241173049336
195,15.429198265075684,0,,,,,,,,0.0,0,-1,,,,,,,,0.0,,,,,,,,,,,,,,,,,,,,,,,,,,,,,,1,5,0.1977996719029763,0.07074747955949581,1.6555080085181157,-0.49847556450177016,0.20303217774290647,0.32192426580950095,0.7788869067320546
196,15.501051425933838,0,,,,,,,,0.0,0,-1,,,,,,,,0.0,,,,,,,,,,,,,,,,,,,,,,,,,,,,,,1,5,0.19804688676391385,0.07051539912497018,1.6581415662612948,-0.4988143267422999,0.20286520979277184,0.3207326144662866,0.7792050847562411
197,15.575060844421387,0,,,,,,,,0.0,0,-1,,,,,,,,0.0,,,,,,,,,,,,,,,,,,,,,,,,,,,,,,1,5,0.19796580972014816,0.07062743275055823,1.6579833840903213,-0.4985898483272905,0.20290449698084406,0.3211170461377344,0.7791801915665569
198,15.645739555358887,0,,,,,,,,0.0,0,-1,,,,,,,,0.0,,,,,,,,,,,,,,,,,,,,,,,,,,,,,,1,5,0.19781130634479438,0.07049124656029612,1.6567782692436737,-0.4988717561041619,0.20285937512327593,0.32118224157967545,0.7789846035577331
199,15.71913766860962,0,,,,,,,,0.0,0,-1,,,,,,,,0.0,,,,,,,,,,,,,,,,,,,,,,,,,,,,,,1,5,0.19784388751788978,0.07067500801093556,1.6566716134647794,-0.4986327245128329,0.20308804605275965,0.32173652731739566,0.7788493169959926
200,15.794269323348999,0,,,,,,,,0.0,0,-1,,,,,,,,0.0,,,,,,,,,,,,,,,,,,,,,,,,,,,,,,1,5,0.19765089967248786,0.07052672377130811,1.655805862157467,-0.49876514129543,0.20255342283352795,0.321812538153103,0.7788723483436998
201,15.870059967041016,0,,,,,,,,0.0,0,-1,,,,,,,,0.0,,,,,,,,,,,,,,,,,,,,,,,,,,,,,,1,5,0.19783211318865584,0.07069296690448883,1.6558676539591297,-0.4988599412474249,0.2029276517372656,0.32190864433329025,0.7786744839035874
202,15.949301719665527,0,,,,,,,,0.0,0,-1,,,,,,,,0.0,,,,,,,,,,,,,,,,,,,,,,,,,,,,,,1,5,0.19791192370640798,0.07077511953689472,1.6574014701674522,-0.49871474091531015,0.20333390850498684,0.3214407087827816,0.7788548000642249
203,16.028125047683716,0,,,,,,,,0.0,0,-1,,,,,,,,0.0,,,,,,,,,,,,,,,,,,,,,,,,,,,,,,1,5,0.19770463076864792,0.07068943762968227,1.6557670180208315,-0.4987242432080616,0.2032944980862445,0.3218670595525228,0.7786829086729854
204,16.10745143890381,0,,,,,,,,0.0,0,-1,,,,,,,,0.0,,,,,,,,,,,,,,,,,,,,,,,,,,,,,,1,5,0.19798795713968503,0.0707066100238821,1.656306225102119,-0.4983633848181813,0.2027815179716362,0.3216604912618285,0.7791329289684035
205,16.183547973632812,0,,,,,,,,0.0,0,-1,,,,,,,,0.0,,,,,,,,,,,,,,,,,,,,,,,,,,,,,,1,5,0.19771123244203853,0.07078213052436691,1.656740985161825,-0.49847996423609237,0.20307735745201647,0.32188365948950043,0.7788890947363027
206,16.261643648147583,0,,,,,,,,0.0,0,-1,,,,,,,,0.0,,,,,,,,,,,,,,,,,,,,,,,,,,,,,,1,5,0.19783862915491762,0.07064398562581431,1.6567802561480058,-0.4984988713642591,0.20275680720001343,0.32178217207650633,0.7790024301093946
207,16.33703351020813,0,,,,,,,,0.0,0,-1,,,,,,,,0.0,,,,,,,,,,,,,,,,,,,,,,,,,,,,,,1,5,0.19786364716599722,0.07078791813450766,1.6554792423572267,-0.49829774338462773,0.20312893605514065,0.32221110805441594,0.7788568521373102
208,16.41553807258606,0,,,,,,,,0.0,0,-1,,,,,,,,0.0,,,,,,,,,,,,,,,,,,,,,,,,,,,,,,1,5,0.19817255472039724,0.07055081587531123,1.65689214782461,-0.4984422326033925,0.2032103267020939,0.3212443274747795,0.7791424683228676
209,16.48973822593689,0,,,,,,,,0.0,0,-1,,,,,,,,0.0,,,,,,,,,,,,,,,,,,,,,,,,,,,,,,1,5,0.19794914053264784,0.07059118392001264,1.657736119903132,-0.4987888483739573,0.20326900777080828,0.321433872965882,0.7788271056709607
210,16.566826343536377,0,,,,,,,,0.0,0,-1,,,,,,,,0.0,,,,,,,,,,,,,,,,,,,,,,,,,,,,,,1,5,0.19803840954909352,0.07046850992518579,1.656291482521158,-0.49870396869549627,0.20323042511845235,0.3214785498977062,0.7788730884227563
211,16.641119241714478,0,,,,,,,,0.0,0,-1,,,,,,,,0.0,,,,,,,,,,,,,,,,,,,,,,,,,,,,,,1,5,0.19797891655554817,0.07080248121957963,1.6577158765670155,-0.498220830815942,0.20332439096703678,0.3220460308662363,0.7789233272808431
212,16.71517539024353,0,,,,,,,,0.0,0,-1,,,,,,,,0.0,,,,,,,,,,,,,,,,,,,,,,,,,,,,,,1,5,0.19779426703893369,0.07068649910212202,1.6558490387198865,-0.49863156908025635,0.20315243253624088,0.32234187612639736,0.7785829193904036
213,16.789113521575928,0,,,,,,,,0.0,0,-1,,,,,,,,0.0,,,,,,,,,,,,,,,,,,,,,,,,,,,,,,1,5,0.19819054276735112,0.07060046653218859,1.6582147088171286,-0.4987366771925299,0.2032758328735822,0.3216154815328956,0.7787837598659011
214,16.864479303359985,0,,,,,,,,0.0,0,-1,,,,,,,,0.0,,,,,,,,,,,,,,,,,,,,,,,,,,,,,,1,5,0.19815076644839355,0.07086194540814056,1.6575341498081646,-0.4982007632874408,0.20364715084536902,0.3220590318017224,0.7788464659015358
215,16.936877489089966,0,,,,,,,,0.0,0,-1,,,,,,,,0.0,,,,,,,,,,,,,,,,,,,,,,,,,,,,,,1,5,0.1982108758301444,0.07066900064419428,1.6583922866770515,-0.4983918362059769,0.20307013141399288,0.32185196920495607,0.7789604670646839
216,17.015825986862183,0,,,,,,,,0.0,0,-1,,,,,,,,0.0,,,,,,,,,,,,,,,,,,,,,,,,,,,,,,1,5,0.19803119159893687,0.07053559660978527,1.6570905596098406,-0.49826323450813764,0.20299745874760325,0.32184901187601483,0.7790628950437422
217,17.09145760536194,0,,,,,,,,0.0,0,-1,,,,,,,,0.0,,,,,,,,,,,,,,,,,,,,,,,,,,,,,,1,5,0.1979653904813094,0.07082490465720226,1.6573990395874474,-0.4984516652397616,0.2032316624619866,0.32228666947046397,0.7787002834687309
218,17.164027452468872,0,,,,,,,,0.0,0,-1,,,,,,,,0.0,,,,,,,,,,,,,,,,,,,,,,,,,,,,,,1,5,0.19796952174459795,0.07095169413606821,1.6560785120184751,-0.49816031096158914,0.2034002308681617,0.3227001791270164,0.778671461565674
219,17.236645698547363,0,,,,,,,,0.0,0,-1,,,,,,,,0.0,,,,,,,,,,,,,,,,,,,,,,,,,,,,,,1,5,0.1981331766671117,0.07068549367920099,1.6591358476595484,-0.4987972231204077,0.20302988684326867,0.3212761199710318,0.7789491960276607
220,17.31202793121338,0,,,,,,,,0.0,0,-1,,,,,,,,0.0,,,,,,,,,,,,,,,,,,,,,,,,,,,,,,1,5,0.19797864227894896,0.0708386995120227,1.6572016227204363,-0.49811129815503014,0.20329876564454563,0.3227040353486727,0.7787277137147474
221,17.385919094085693,0,,,,,,,,0.0,0,-1,,,,,,,,0.0,,,,,,,,,,,,,,,,,,,,,,,,,,,,,,1,5,0.19820106604372761,0.07078772941772205,1.6579534970695016,-0.49848376293140373,0.20361298899723412,0.3221761592794006,0.7786258480151649
222,17.461487293243408,0,,,,,,,,0.0,0,-1,,,,,,,,0.0,,,,,,,,,,,,,,,,,,,,,,,,,,,,,,1,5,0.19760107108309222,0.07087296795760531,1.6566593653853432,-0.4988743665697724,0.20354377494563927,0.32245335679603904,0.7782789543290077
223,17.53516936302185,0,,,,,,,,0.0,0,-1,,,,,,,,0.0,,,,,,,,,,,,,,,,,,,,,,,,,,,,,,1,5,0.19793697705757846,0.07072219835219852,1.6569190283656448,-0.49834529557901613,0.20308645115615406,0.3221862794948996,0.7788477778335743
224,17.607436895370483,0,,,,,,,,0.0,0,-1,,,,,,,,0.0,,,,,,,,,,,,,,,,,,,,,,,,,,,,,,1,5,0.1979711794990642,0.07069851723527096,1.657315952797159,-0.4983713645388999,0.20293485804501069,0.3224519384045041,0.7787606652990792
225,17.686872243881226,0,,,,,,,,0.0,0,-1,,,,,,,,0.0,,,,,,,,,,,,,,,,,,,,,,,,,,,,,,1,5,0.1983114570895875,0.07057397424659438,1.6587187045536171,-0.4983875429388655,0.2029531245745798,0.321611273137183,0.7790931107767903
226,17.76125454902649,0,,,,,,,,0.0,0,-1,,,,,,,,0.0,,,,,,,,,,,,,,,,,,,,,,,,,,,,,,1,5,0.19805894320840817,0.07059335659723454,1.6571257296821336,-0.49839650742566904,0.20308667056040997,0.32207394474149625,0.7788614124125256
227,17.837101936340332,0,,,,,,,,0.0,0,-1,,,,,,,,0.0,,,,,,,,,,,,,,,,,,,,,,,,,,,,,,1,5,0.19810326626770272,0.07071792158302001,1.6574256675536518,-0.49809005162045605,0.2029522138097605,0.32250222259430483,0.7789152815346367
228,17.909857511520386,0,,,,,,,,0.0,0,-1,,,,,,,,0.0,,,,,,,,,,,,,,,,,,,,,,,,,,,,,,1,5,0.19822169190186478,0.07067390901855576,1.6574304378241602,-0.49847716425156413,0.20303075613121596,0.3221022013327765,0.778812686517808
229,17.985559940338135,0,,,,,,,,0.0,0,-1,,,,,,,,0.0,,,,,,,,,,,,,,,,,,,,,,,,,,,,,,1,5,0.198063597019486,0.07072865207945452,1.6578922770897169,-0.4985461075173268,0.20312305152432567,0.32206073609924196,0.7787616367554213
230,18.063091278076172,0,,,,,,,,0.0,0,-1,,,,,,,,0.0,,,,,,,,,,,,,,,,,,,,,,,,,,,,,,1,5,0.19804882771413884,0.07069842454898896,1.657488390621182,-0.4980389434437343,0.203383277501069,0.32227303004072505,0.7789303867193409
231,18.139387369155884,0,,,,,,,,0.0,0,-1,,,,,,,,0.0,,,,,,,,,,,,,,,,,,,,,,,,,,,,,,1,5,0.19788228131472202,0.07091238648880285,1.6570623979986483,-0.4979545612013224,0.20293837085920194,0.32312381238914584,0.7787478889081598
232,18.215803384780884,0,,,,,,,,0.0,0,-1,,,,,,,,0.0,,,,,,,,,,,,,,,,,,,,,,,,,,,,,,1,5,0.19811609138244152,0.07074664983400245,1.6571809970007643,-0.4981434849868326,0.20313053916811366,0.32249935132431656,0.7788358112065983
233,18.293850898742676,0,,,,,,,,0.0,0,-1,,,,,,,,0.0,,,,,,,,,,,,,,,,,,,,,,,,,,,,,,1,5,0.19813791231589312,0.07061410218607533,1.657722971722725,-0.49837384351797803,0.20293765455725937,0.3222220664830585,0.778853490928367
234,18.374186038970947,0,,,,,,,,0.0,0,-1,,,,,,,,0.0,,,,,,,,,,,,,,,,,,,,,,,,,,,,,,1,5,0.19793026881328663,0.0707911206271726,1.6569443943730646,-0.49800931958738326,0.20269237738872667,0.32295881337682447,0.7788453778606195
235,18.44913625717163,0,,,,,,,,0.0,0,-1,,,,,,,,0.0,,,,,,,,,,,,,,,,,,,,,,,,,,,,,,1,5,0.19820661922951144,0.07072684256127487,1.6585870630845156,-0.49806655936626376,0.2030209704659008,0.3222460794095698,0.7790183902176491
236,18.526575326919556,0,,,,,,,,0.0,0,-1,,,,,,,,0.0,,,,,,,,,,,,,,,,,,,,,,,,,,,,,,1,5,0.19801761744715957,0.07063647181822548,1.6567001759521574,-0.49820878725026896,0.20275614612170909,0.3225364880325028,0.7788762182812796
237,18.60800313949585,0,,,,,,,,0.0,0,-1,,,,,,,,0.0,,,,,,,,,,,,,,,,,,,,,,,,,,,,,,1,5,0.19776050429283237,0.0706874551950668,1.655849160177501,-0.49812953439866403,0.20289152256905632,0.32283825537196814,0.7787666260811155
238,18.693840742111206,0,,,,,,,,0.0,0,-1,,,,,,,,0.0,,,,,,,,,,,,,,,,,,,,,,,,,,,,,,1,5,0.19793935607649912,0.07059047490722123,1.656161152910569,-0.4979541478007617,0.20293725917018898,0.32270645673489873,0.7789214840470866
239,18.776170253753662,0,,,,,,,,0.0,0,-1,,,,,,,,0.0,,,,,,,,,,,,,,,,,,,,,,,,,,,,,,1,5,0.19785033609186745,0.070777044578194,1.6558430891163485,-0.49776215444827876,0.20302938104779578,0.32332709498900547,0.7787627993659735
240,18.853495597839355,0,,,,,,,,0.0,0,-1,,,,,,,,0.0,,,,,,,,,,,,,,,,,,,,,,,,,,,,,,1,5,0.19823109180969578,0.070838879359327,1.6585466688464745,-0.497771997807316,0.20271860296366254,0.3229740322493278,0.7789839412362649
241,18.930046796798706,0,,,,,,,,0.0,0,-1,,,,,,,,0.0,,,,,,,,,,,,,,,,,,,,,,,,,,,,,,1,5,0.19783567126647822,0.07066263833283123,1.6567215560344757,-0.4981354193906884,0.20310558281501886,0.32274641028531326,0.7787451321361685
242,19.009400844573975,0,,,,,,,,0.0,0,-1,,,,,,,,0.0,,,,,,,,,,,,,,,,,,,,,,,,,,,,,,1,5,0.19797562050073012,0.07055480769544552,1.6563862286983053,-0.4982332418111209,0.20261666095627454,0.3225166308491978,0.7789050958127014
243,19.08519983291626,0,,,,,,,,0.0,0,-1,,,,,,,,0.0,,,,,,,,,,,,,,,,,,,,,,,,,,,,,,1,5,0.19818230929260233,0.07079115682132238,1.6569826200760385,-0.49787537211099936,0.20291025479032213,0.32273784494546165,0.7789658694616984
244,19.161431074142456,0,,,,,,,,0.0,0,-1,,,,,,,,0.0,,,,,,,,,,,,,,,,,,,,,,,,,,,,,,1,5,0.19775751699195473,0.07086465185100578,1.6563662824697807,-0.4979041439947855,0.20298997994372597,0.323588128482739,0.778573859399546
245,19.235570907592773,0,,,,,,,,0.0,0,-1,,,,,,,,0.0,,,,,,,,,,,,,,,,,,,,,,,,,,,,,,1,5,0.19781856328008987,0.07070773569257605,1.6565086267406173,-0.4983108615782181,0.20277354011725351,0.3226802991415085,0.778746814572899
246,19.311043977737427,0,,,,,,,,0.0,0,-1,,,,,,,,0.0,,,,,,,,,,,,,,,,,,,,,,,,,,,,,,1,5,0.1980750885614364,0.07092467347754336,1.6567200429438345,-0.4978469342665051,0.202984463304841,0.3229080658835673,0.7788941639822587
247,19.386582374572754,0,,,,,,,,0.0,0,-1,,,,,,,,0.0,,,,,,,,,,,,,,,,,,,,,,,,,,,,,,1,5,0.1976489011216459,0.0707229600580263,1.6545687371536768,-0.4978056961073834,0.2028682320748991,0.3234446338374644,0.7787281542230234
248,19.459959983825684,0,,,,,,,,0.0,0,-1,,,,,,,,0.0,,,,,,,,,,,,,,,,,,,,,,,,,,,,,,1,5,0.19775669928451287,0.07074774476054807,1.6550697172718152,-0.4981423074981372,0.20329619831394613,0.3230166137126012,0.7785789391559294
249,19.537595987319946,0,,,,,,,,0.0,0,-1,,,,,,,,0.0,,,,,,,,,,,,,,,,,,,,,,,,,,,,,,1,5,0.19818161328884973,0.07066208247764175,1.6561655317462887,-0.49808755781688324,0.20341855914731666,0.3224013984478537,0.7788369616430072
250,19.614274501800537,0,,,,,,,,0.0,0,-1,,,,,,,,0.0,,,,,,,,,,,,,,,,,,,,,,,,,,,,,,1,5,0.19789346313736284,0.07064571632480558,1.6557938069838953,-0.49768137833260706,0.20264567753785012,0.3230173316221271,0.7790428605076252
251,19.68924117088318,0,,,,,,,,0.0,0,-1,,,,,,,,0.0,,,,,,,,,,,,,,,,,,,,,,,,,,,,,,1,5,0.19820598567380354,0.07082556166967693,1.6571248258993414,-0.4980943730036905,0.20342847983322046,0.32268628375994185,0.7787120208703625
252,19.763902187347412,0,,,,,,,,0.0,0,-1,,,,,,,,0.0,,,,,,,,,,,,,,,,,,,,,,,,,,,,,,1,5,0.1979077335141648,0.07071939098782967,1.6557736123155091,-0.4980418966076699,0.20302957304693306,0.3230591764590234,0.7786950816574051
253,19.838453769683838,0,,,,,,,,0.0,0,-1,,,,,,,,0.0,,,,,,,,,,,,,,,,,,,,,,,,,,,,,,1,5,0.19816732117134594,0.07068304040797779,1.6569009289438879,-0.4980102780540182,0.20326340402757861,0.32278871985518215,0.77876645656444
254,19.916282653808594,0,,,,,,,,0.0,0,-1,,,,,,,,0.0,,,,,,,,,,,,,,,,,,,,,,,,,,,,,,1,5,0.19803261896691454,0.07064265624141072,1.656742216233836,-0.49773959108926535,0.20275592741602086,0.32293977043750827,0.7790091386047597
255,19.990012407302856,0,,,,,,,,0.0,0,-1,,,,,,,,0.0,,,,,,,,,,,,,,,,,,,,,,,,,,,,,,1,5,0.19787993254850839,0.07065405541619063,1.656019531076587,-0.4980710823297422,0.20301356014900745,0.32287228210088154,0.778758101590907
256,20.061867713928223,0,,,,,,,,0.0,0,-1,,,,,,,,0.0,,,,,,,,,,,,,,,,,,,,,,,,,,,,,,1,5,0.19790676213819586,0.07062407977924808,1.6552823716599399,-0.49777991736699984,0.20269571537912942,0.3231722833485098,0.7789026101563379
257,20.13601851463318,0,,,,,,,,0.0,0,-1,,,,,,,,0.0,,,,,,,,,,,,,,,,,,,,,,,,,,,,,,1,5,0.19818656008572325,0.07076548363526883,1.6567354079187122,-0.4977695278819204,0.20297327644740987,0.3230020513924353,0.7789075817814923
258,20.21040678024292,0,,,,,,,,0.0,0,-1,,,,,,,,0.0,,,,,,,,,,,,,,,,,,,,,,,,,,,,,,1,5,0.19835036430993944,0.07062062391149093,1.657442672858469,-0.49768633983605487,0.20304017629102747,0.32257624448848626,0.7791197343438324
259,20.283599615097046,0,,,,,,,,0.0,0,-1,,,,,,,,0.0,,,,,,,,,,,,,,,,,,,,,,,,,,,,,,1,5,0.1981462958823103,0.07065746919611382,1.6565614531287323,-0.4979522272862254,0.20283653429174076,0.3228560844285619,0.7788869420170429
260,20.361180305480957,0,,,,,,,,0.0,0,-1,,,,,,,,0.0,,,,,,,,,,,,,,,,,,,,,,,,,,,,,,1,5,0.19800884166238508,0.07064239077962446,1.656371884613968,-0.497989625774731,0.20297685928192247,0.32287163561394133,0.778820026792306
261,20.438570022583008,0,,,,,,,,0.0,0,-1,,,,,,,,0.0,,,,,,,,,,,,,,,,,,,,,,,,,,,,,,1,5,0.19787955527833354,0.07061501257293497,1.655448546651164,-0.49795449189642754,0.20312568622448152,0.32269651623205725,0.7788762661730666
262,20.515603065490723,0,,,,,,,,0.0,0,-1,,,,,,,,0.0,,,,,,,,,,,,,,,,,,,,,,,,,,,,,,1,5,0.19801541079308108,0.07057015707129838,1.6559433784096984,-0.49824610041408157,0.20339372289633145,0.322541777102442,0.7786839018062013
263,20.59674096107483,0,,,,,,,,0.0,0,-1,,,,,,,,0.0,,,,,,,,,,,,,,,,,,,,,,,,,,,,,,1,5,0.1978370439408604,0.07084527360018869,1.6564486302011894,-0.49791292525853553,0.20302404485978556,0.32361254336672846,0.7785492135022533
264,20.68085479736328,0,,,,,,,,0.0,0,-1,,,,,,,,0.0,,,,,,,,,,,,,,,,,,,,,,,,,,,,,,1,5,0.1981780923627558,0.07068219983372899,1.6568412520942544,-0.4977612740024773,0.20316315026315335,0.32282105068323147,0.778938391475447
265,20.759518146514893,0,,,,,,,,0.0,0,-1,,,,,,,,0.0,,,,,,,,,,,,,,,,,,,,,,,,,,,,,,1,5,0.19795266181349377,0.07042150255027574,1.6555263203823447,-0.4979024764552549,0.2029605334994958,0.3224747184467053,0.7790444157710408
266,20.83759593963623,0,,,,,,,,0.0,0,-1,,,,,,,,0.0,,,,,,,,,,,,,,,,,,,,,,,,,,,,,,1,5,0.19800362856519568,0.07066402595235013,1.6553584168527131,-0.4978135805097683,0.20351356479584223,0.3228773266284425,0.7787901514229638
267,20.918025255203247,0,,,,,,,,0.0,0,-1,,,,,,,,0.0,,,,,,,,,,,,,,,,,,,,,,,,,,,,,,1,5,0.19846744847030753,0.07056269893751474,1.6576699672487656,-0.4977255587562572,0.2033488940364226,0.32244572257142473,0.7790681943516417
268,20.995420217514038,0,,,,,,,,0.0,0,-1,,,,,,,,0.0,,,,,,,,,,,,,,,,,,,,,,,,,,,,,,1,5,0.19806983077191678,0.07040638062019074,1.6563622878072632,-0.49776854319919694,0.20303607324226638,0.3224680627560226,0.7791130719389118
269,21.07226037979126,0,,,,,,,,0.0,0,-1,,,,,,,,0.0,,,,,,,,,,,,,,,,,,,,,,,,,,,,,,1,5,0.19806717355206396,0.0705435921558503,1.6565976611764488,-0.49768971629296477,0.20299292941220384,0.32266358996215755,0.7790937200476031
270,21.14834690093994,0,,,,,,,,0.0,0,-1,,,,,,,,0.0,,,,,,,,,,,,,,,,,,,,,,,,,,,,,,1,5,0.1981939466040828,0.07058967722920532,1.6577745407586062,-0.497677939810541,0.20294473789361253,0.32263634442130584,0.779125080359813
271,21.2231183052063,0,,,,,,,,0.0,0,-1,,,,,,,,0.0,,,,,,,,,,,,,,,,,,,,,,,,,,,,,,1,5,0.19839503157369465,0.07049779984178824,1.6581606047490918,-0.4979990028238536,0.20330837014656705,0.3220503835164043,0.7790675518154576
272,21.29649043083191,0,,,,,,,,0.0,0,-1,,,,,,,,0.0,,,,,,,,,,,,,,,,,,,,,,,,,,,,,,1,5,0.19829828351030918,0.0703702002748013,1.6577670392034551,-0.4975666995351654,0.20248941384892835,0.32268349096695276,0.7792950541676628
273,21.371196746826172,0,,,,,,,,0.0,0,-1,,,,,,,,0.0,,,,,,,,,,,,,,,,,,,,,,,,,,,,,,1,5,0.19854028696437367,0.07039747752409106,1.6585001000441104,-0.4976838920706406,0.20297296905837175,0.32233776203715686,0.7792375020299815
274,21.447901725769043,0,,,,,,,,0.0,0,-1,,,,,,,,0.0,,,,,,,,,,,,,,,,,,,,,,,,,,,,,,1,5,0.1980145586930055,0.07058766715334032,1.6563716869772462,-0.4977181018059848,0.20324416124643888,0.3228843499943715,0.7789186084454467
275,21.520952463150024,0,,,,,,,,0.0,0,-1,,,,,,,,0.0,,,,,,,,,,,,,,,,,,,,,,,,,,,,,,1,5,0.198355588829927,0.07069531828201021,1.658261368737223,-0.49772263138413075,0.20305396301126094,0.3229008036713617,0.7789584978045152
276,21.60759162902832,0,,,,,,,,0.0,0,-1,,,,,,,,0.0,,,,,,,,,,,,,,,,,,,,,,,,,,,,,,1,5,0.19841987407076297,0.07058262377803406,1.657581905428571,-0.4980246999560407,0.20325046291271728,0.32243029322911704,0.7789090791405935
277,21.68462061882019,0,,,,,,,,0.0,0,-1,,,,,,,,0.0,,,,,,,,,,,,,,,,,,,,,,,,,,,,,,1,5,0.19805268046840652,0.07036697399051087,1.6554328540333458,-0.49782315234717583,0.20312797330315707,0.32255469857752395,0.7790183578545727
278,21.76660919189453,0,,,,,,,,0.0,0,-1,,,,,,,,0.0,,,,,,,,,,,,,,,,,,,,,,,,,,,,,,1,5,0.19810665251953247,0.07045998510354737,1.6557731011925454,-0.49792631422906053,0.20330258308273969,0.3226462608346288,0.7788689464085607
279,21.844233989715576,0,,,,,,,,0.0,0,-1,,,,,,,,0.0,,,,,,,,,,,,,,,,,,,,,,,,,,,,,,1,5,0.19815575548660447,0.07034485085480167,1.656992855687033,-0.49792518568400096,0.20301436314499618,0.32240358132474833,0.7790453186865068
280,21.923024892807007,0,,,,,,,,0.0,0,-1,,,,,,,,0.0,,,,,,,,,,,,,,,,,,,,,,,,,,,,,,1,5,0.19825080514060378,0.07033281423569708,1.658505897734449,-0.4978579162860303,0.20269099309071859,0.32212189435194083,0.7792889975422131
