frame_idx,t_sec,cam1_origin_source,cam2_origin_source,cam3_origin_source,cam1_origin_held_frames,cam2_origin_held_frames,cam3_origin_held_frames,n_direct_cams,n_anchor_cams,n_held_cams,n_total_tags,head_visible,head_pos_x,head_pos_y,head_pos_z,head_quat_w,head_quat_x,head_quat_y,head_quat_z,head_n_cams,pelvis_visible,pelvis_used_id,pelvis_pos_x,pelvis_pos_y,pelvis_pos_z,pelvis_quat_w,pelvis_quat_x,pelvis_quat_y,pelvis_quat_z,pelvis_n_cams,root_pos_x,root_pos_y,root_pos_z,root_quat_w,root_quat_x,root_quat_y,root_quat_z,torso_head_pos_x,torso_head_pos_y,torso_head_pos_z,torso_head_quat_w,torso_head_quat_x,torso_head_quat_y,torso_head_quat_z,torso_pelvis_pos_x,torso_pelvis_pos_y,torso_pelvis_pos_z,torso_pelvis_quat_w,torso_pelvis_quat_x,torso_pelvis_quat_y,torso_pelvis_quat_z,torso_pos_x,torso_pos_y,torso_pos_z,torso_quat_w,torso_quat_x,torso_quat_y,torso_quat_z,torso_path,box_visible,box_n_tags,obj_pos_x,obj_pos_y,obj_pos_z,obj_quat_w,obj_quat_x,obj_quat_y,obj_quat_z,torso_rot6d_0,torso_rot6d_1,torso_rot6d_2,torso_rot6d_3,torso_rot6d_4,torso_rot6d_5,obj_rot6d_0,obj_rot6d_1,obj_rot6d_2,obj_rot6d_3,obj_rot6d_4,obj_rot6d_5,obj_in_torso_pos_x,obj_in_torso_pos_y,obj_in_torso_pos_z,obj_in_torso_rot6d_0,obj_in_torso_rot6d_1,obj_in_torso_rot6d_2,obj_in_torso_rot6d_3,obj_in_torso_rot6d_4,obj_in_torso_rot6d_5,torso_yaw_rad,obj_yaw_rad
1,0.5323910713195801,direct,direct,direct,0,0,0,3,0,0,5,0,,,,,,,,0,0,-1,,,,,,,,0,,,,,,,,,,,,,,,,,,,,,,,,,,,,,,1,4,0.6500590421592908,0.9464129015994154,-0.28091609860387584,-0.19520801835743148,0.10418600578698906,0.0530172633779585,0.9737701348629616,,,,,,,-0.902078211534236,-0.36912816290628236,0.2236052316575496,0.3912227905427076,-0.918165998705754,0.06257736795873142,,,,,,,,,,,-2.7531826158550206
2,0.6120407581329346,direct,direct,direct,0,0,0,3,0,0,4,0,,,,,,,,0,0,-1,,,,,,,,0,,,,,,,,,,,,,,,,,,,,,,,,,,,,,,1,3,0.7110108194547722,1.0164477320258873,-0.24221115485136957,-0.20514817043808636,0.13126723502510762,0.08946356486857639,0.9657532871990522,,,,,,,-0.8813662823495383,-0.3727577703353321,0.29025010076137164,0.41973230951848156,-0.8998209974538243,0.11894099750501232,,,,,,,,,,,-2.74147514929852
3,0.6965210437774658,direct,direct,direct,0,0,0,3,0,0,4,0,,,,,,,,0,0,-1,,,,,,,,0,,,,,,,,,,,,,,,,,,,,,,,,,,,,,,1,3,0.7224939413513358,1.0393449698897133,-0.25874562044062605,-0.21088191044029128,0.18184256295398496,0.14529775929007246,0.949394893230769,,,,,,,-0.844924204294758,-0.34757778381196575,0.40656213940458386,0.45326305157507774,-0.8688347619886743,0.199195287185546,,,,,,,,,,,-2.751321812017128
4,0.7486691474914551,direct,direct,direct,0,0,0,3,0,0,4,0,,,,,,,,0,0,-1,,,,,,,,0,,,,,,,,,,,,,,,,,,,,,,,,,,,,,,1,3,0.707791708806381,1.0166083497354697,-0.23768117190818666,-0.20602614165859753,0.12884508158311422,0.08553676871797876,0.9662482264420459,,,,,,,-0.8819043478102249,-0.3761028040689874,0.2842382839887476,0.42018677184428294,-0.9004733803011172,0.11220859207814843,,,,,,,,,,,-2.7384803857806146
5,0.8088667392730713,direct,direct,direct,0,0,0,3,0,0,4,0,,,,,,,,0,0,-1,,,,,,,,0,,,,,,,,,,,,,,,,,,,,,,,,,,,,,,1,3,0.7218815026011738,1.038802492075454,-0.2415828986297731,-0.21156591337980024,0.17036509012742487,0.1338016459588317,0.9530544160226911,,,,,,,-0.852431200723291,-0.35767739710703744,0.3813501378420939,0.4488579149989336,-0.874673967668957,0.18295360730265722,,,,,,,,,,,-2.74430745888287
6,0.8779325485229492,direct,direct,direct,0,0,0,3,0,0,5,0,,,,,,,,0,0,-1,,,,,,,,0,,,,,,,,,,,,,,,,,,,,,,,,,,,,,,1,4,0.7086473936539355,1.00942775901872,-0.23812717287887372,-0.19940965000406502,0.1102720434579996,0.06256965677061278,0.9716794255146401,,,,,,,-0.8961517358337068,-0.37372514049492855,0.2392521383901937,0.4013238761371727,-0.9126416590737274,0.07761667710864915,,,,,,,,,,,-2.746489153351742
7,0.9345591068267822,direct,direct,direct,0,0,0,3,0,0,4,0,,,,,,,,0,0,-1,,,,,,,,0,,,,,,,,,,,,,,,,,,,,,,,,,,,,,,1,3,0.709927820715616,1.022068326016956,-0.24787453020562483,-0.20567013094390277,0.13653961073030432,0.11276877692973947,0.9624655499751176,,,,,,,-0.8781134638782698,-0.3651060215757175,0.3092156813049081,0.4266956411937938,-0.889966000374577,0.16090788657954366,,,,,,,,,,,-2.7475533853966283
8,0.9776122570037842,direct,direct,direct,0,0,0,3,0,0,3,0,,,,,,,,0,0,-1,,,,,,,,0,,,,,,,,,,,,,,,,,,,,,,,,,,,,,,1,2,0.6520493410806109,0.9385804119418817,-0.23512166119893488,-0.19062016525049835,0.03235416746349364,0.004218687955900406,0.9811214823453556,,,,,,,-0.9252343208952342,-0.3737700939177683,0.06509507147425357,0.37431606246417404,-0.9272923105436073,-0.004056622735175909,,,,,,,,,,,-2.757665595054025
9,1.0280945301055908,direct,direct,direct,0,0,0,3,0,0,3,0,,,,,,,,0,0,-1,,,,,,,,0,,,,,,,,,,,,,,,,,,,,,,,,,,,,,,1,2,0.6645943852269393,0.9535908893973497,-0.2150611327127404,-0.19080898766023857,0.04252949527638651,0.025369298168660015,0.9803772595129084,,,,,,,-0.9235663445192221,-0.37197169793229556,0.0930712802574875,0.3762874717188126,-0.9258966578770093,0.03351294614993714,,,,,,,,,,,-2.7587128504298204
10,1.0894486904144287,direct,direct,direct,0,0,0,3,0,0,5,0,,,,,,,,0,0,-1,,,,,,,,0,,,,,,,,,,,,,,,,,,,,,,,,,,,,,,1,4,0.6951013821307547,0.9963812024982746,-0.25900489147627975,-0.20046306778403325,0.0918504137096897,0.06883197314586155,0.9729543768485861,,,,,,,-0.9027561199119464,-0.3774383479741368,0.20632906106528706,0.40272732881374296,-0.9101534358549231,0.09711550765982671,,,,,,,,,,,-2.7455846120514478
11,1.1396262645721436,direct,direct,direct,0,0,0,3,0,0,4,0,,,,,,,,0,0,-1,,,,,,,,0,,,,,,,,,,,,,,,,,,,,,,,,,,,,,,1,3,0.7206489152523455,1.0212582485369914,-0.2960070457898278,-0.19546410505107648,0.255440545854421,0.14499321513817864,0.9356927266651542,,,,,,,-0.7930878223403544,-0.29171439080064404,0.5347096597736418,0.4398629748809795,-0.8815415024009512,0.17147927826279366,,,,,,,,,,,-2.789130668839262
12,1.204195499420166,direct,direct,direct,0,0,0,3,0,0,4,0,,,,,,,,0,0,-1,,,,,,,,0,,,,,,,,,,,,,,,,,,,,,,,,,,,,,,1,3,0.7098987160020518,1.0219526138993817,-0.222265720355634,-0.2087719442876253,0.1313300735016963,0.07919687268917983,0.9658646605133959,,,,,,,-0.8783333741448074,-0.38248902396542894,0.2867623239014696,0.42409274841092637,-0.9002842612692372,0.0981508515305429,,,,,,,,,,,-2.730886211859893
13,1.253248929977417,direct,direct,direct,0,0,0,3,0,0,3,0,,,,,,,,0,0,-1,,,,,,,,0,,,,,,,,,,,,,,,,,,,,,,,,,,,,,,1,2,0.6547947763137527,0.9390192695788289,-0.23179591976852892,-0.1900037890225772,0.030960712728669078,0.002162027624184287,0.9812926780838371,,,,,,,-0.925879988848794,-0.3727647781197147,0.06158462829893305,0.3730325297844499,-0.9277877715872326,-0.0075221417037192595,,,,,,,,,,,-2.7588418018955934
14,1.3046064376831055,direct,direct,direct,0,0,0,3,0,0,5,0,,,,,,,,0,0,-1,,,,,,,,0,,,,,,,,,,,,,,,,,,,,,,,,,,,,,,1,4,0.7017209321028386,1.0069343552652097,-0.22009621997800105,-0.20421709296648388,0.09847588997822704,0.05583814059052255,0.9723579485398922,,,,,,,-0.897195756066629,-0.38614680596857953,0.2143138342158386,0.4081416483261033,-0.9103549619914232,0.06836839971248355,,,,,,,,,,,-2.7351629380568903
15,1.3602559566497803,direct,direct,direct,0,0,0,3,0,0,4,0,,,,,,,,0,0,-1,,,,,,,,0,,,,,,,,,,,,,,,,,,,,,,,,,,,,,,1,3,0.723566663929053,1.021419144521379,-0.2846721578446279,-0.19445246906223812,0.2456153699684765,0.1379709955607032,0.939587852036645,,,,,,,-0.8037226546216957,-0.29763476121969845,0.5152120372832412,0.4331859496979435,-0.8863044833191758,0.16375071246446662,,,,,,,,,,,-2.7869310911962444
16,1.4237463474273682,direct,direct,direct,0,0,0,3,0,0,4,0,,,,,,,,0,0,-1,,,,,,,,0,,,,,,,,,,,,,,,,,,,,,,,,,,,,,,1,3,0.7338221062080198,1.0257832130916296,-0.25081376559209456,-0.19552030224594222,0.2520627890379275,0.12885388004110018,0.9389530549449372,,,,,,,-0.7964723235841533,-0.3022102334321337,0.5237373507526034,0.4321273069582064,-0.8903369780160183,0.14340870321689747,,,,,,,,,,,-2.7789386135472296
17,1.4808714389801025,direct,direct,direct,0,0,0,3,0,0,4,0,,,,,,,,0,0,-1,,,,,,,,0,,,,,,,,,,,,,,,,,,,,,,,,,,,,,,1,3,0.7115399965974628,1.0154960554688333,-0.2311933147455476,-0.20582973399944066,0.12284346702640782,0.08038205264150713,0.9675134773344449,,,,,,,-0.885087206421303,-0.37853726329488147,0.27079545292813906,0.4180349034276092,-0.9023456924297151,0.10497176224970081,,,,,,,,,,,-2.737451189009776
18,1.5397310256958008,direct,direct,direct,0,0,0,3,0,0,4,0,,,,,,,,0,0,-1,,,,,,,,0,,,,,,,,,,,,,,,,,,,,,,,,,,,,,,1,3,0.7130065563722696,1.0320289745716549,-0.27404207181998985,-0.20996667148424553,0.1683406982358901,0.13348136085323445,0.9538124199694868,,,,,,,-0.8551508123665598,-0.3555969471076325,0.37718417161453716,0.4454783290576734,-0.8761934463411915,0.18394048746464045,,,,,,,,,,,-2.74751505895018
19,1.6055102348327637,direct,direct,direct,0,0,0,3,0,0,4,0,,,,,,,,0,0,-1,,,,,,,,0,,,,,,,,,,,,,,,,,,,,,,,,,,,,,,1,3,0.6979447027392587,1.010247836703717,-0.19987312948882804,-0.19613707946707823,0.11985894838928997,0.11232314557450834,0.9667200160943118,,,,,,,-0.8943281570982772,-0.35229341302153516,0.2758015564909624,0.4061451494548855,-0.8978275140527461,0.1701524980249637,,,,,,,,,,,-2.7663389432984857
20,1.6548411846160889,direct,direct,direct,0,0,0,3,0,0,4,0,,,,,,,,0,0,-1,,,,,,,,0,,,,,,,,,,,,,,,,,,,,,,,,,,,,,,1,3,0.7144027357274896,1.0319655644490506,-0.2884333756645366,-0.2097954748781559,0.1781621978547482,0.1443230974518113,0.950481421974217,,,,,,,-0.848488179952429,-0.347387562085452,0.3992363838496438,0.45023924305833063,-0.8703134045251275,0.1995975999708964,,,,,,,,,,,-2.7529925293704025
21,1.7018952369689941,direct,direct,direct,0,0,0,3,0,0,4,0,,,,,,,,0,0,-1,,,,,,,,0,,,,,,,,,,,,,,,,,,,,,,,,,,,,,,1,3,0.6796097104297667,0.9981459376333397,-0.25770399591762266,-0.1923745291348774,0.13054306603382335,0.12646366230901607,0.9643430357326248,,,,,,,-0.8919010969012464,-0.33801216640775383,0.30043336816454164,0.404047983286494,-0.8939979653110514,0.1936823823217242,,,,,,,,,,,-2.7793377434047906
22,1.7500362396240234,direct,direct,direct,0,0,0,3,0,0,3,0,,,,,,,,0,0,-1,,,,,,,,0,,,,,,,,,,,,,,,,,,,,,,,,,,,,,,1,2,0.655192695338209,0.9415933031422283,-0.21307742779830088,-0.190108147383455,0.02284920118291023,-0.0021053315693353434,0.9814949688524729,,,,,,,-0.9266736126074668,-0.37327659067861985,0.044052270638100216,0.3730841701002819,-0.927708919754827,-0.012820383298287615,,,,,,,,,,,-2.758663247946941
23,1.8100998401641846,direct,direct,direct,0,0,0,3,0,0,5,0,,,,,,,,0,0,-1,,,,,,,,0,,,,,,,,,,,,,,,,,,,,,,,,,,,,,,1,4,0.6967454536612196,1.0009139087166228,-0.23776737182760496,-0.20241603814287387,0.09480399522973915,0.05621263437011767,0.9730776380783774,,,,,,,-0.9000798999820442,-0.38327467596914944,0.207259973002643,0.40459140525185217,-0.9117357744794283,0.07101881673703558,,,,,,,,,,,-2.739025168782358
24,1.8691558837890625,direct,direct,direct,0,0,0,3,0,0,3,0,,,,,,,,0,0,-1,,,,,,,,0,,,,,,,,,,,,,,,,,,,,,,,,,,,,,,1,2,0.650815289917332,0.9364082337338522,-0.23325744276219668,-0.1889428343854837,0.020340148401731994,0.006191961118758853,0.9817578842641801,,,,,,,-0.9277737673947505,-0.370740343850233,0.04227805548937373,0.37124412548244645,-0.9285245299037674,0.004471762713108258,,,,,,,,,,,-2.761429342565878
25,1.9203951358795166,direct,direct,direct,0,0,0,3,0,0,4,0,,,,,,,,0,0,-1,,,,,,,,0,,,,,,,,,,,,,,,,,,,,,,,,,,,,,,1,3,0.7127197365002361,1.0181185588603228,-0.26497023080379417,-0.20186093157643262,0.15949629709341914,0.12098728509304417,0.9587362371175907,,,,,,,-0.8676261910331653,-0.3484687319858281,0.35467497157463856,0.42565682785673353,-0.8892284822978184,0.1675976466698185,,,,,,,,,,,-2.759677899751646
26,1.972930908203125,direct,direct,direct,0,0,0,3,0,0,6,0,,,,,,,,0,0,-1,,,,,,,,0,,,,,,,,,,,,,,,,,,,,,,,,,,,,,,1,5,0.6970637057714404,1.0017790512316176,-0.22840915232958695,-0.19948161603121345,0.08911072951992455,0.048473316634378795,0.9746367017122153,,,,,,,-0.9045327255000046,-0.3802052233866892,0.19304024608617432,0.39748319381684855,-0.9157148448800773,0.058935842230455775,,,,,,,,,,,-2.7436813757408105
27,2.014819860458374,direct,direct,direct,0,0,0,3,0,0,3,0,,,,,,,,0,0,-1,,,,,,,,0,,,,,,,,,,,,,,,,,,,,,,,,,,,,,,1,2,0.684509299552753,0.9476934598465909,-0.270923807089052,-0.1773969301814077,0.13930188797868417,0.04928279195297795,0.9729833089961546,,,,,,,-0.8982506263355737,-0.3314781323395107,0.2885620558362781,0.3589388761951528,-0.9322030711590644,0.04647921339016927,,,,,,,,,,,-2.7880694308148573
28,2.0634355545043945,direct,direct,direct,0,0,0,3,0,0,4,0,,,,,,,,0,0,-1,,,,,,,,0,,,,,,,,,,,,,,,,,,,,,,,,,,,,,,1,3,0.7165190628363365,1.0336168174629932,-0.27255218346214,-0.21101170639306074,0.17463617691161099,0.13738168066156675,0.9518941849267641,,,,,,,-0.8499525309575701,-0.3537380095572006,0.39044860828709554,0.44970525551091206,-0.8732006671673838,0.18784509049826323,,,,,,,,,,,-2.7472115013414498
29,2.1231369972229004,direct,direct,direct,0,0,0,3,0,0,4,0,,,,,,,,0,0,-1,,,,,,,,0,,,,,,,,,,,,,,,,,,,,,,,,,,,,,,1,3,0.7104197977439417,1.014428814689869,-0.24352455418720062,-0.18184521856425068,0.2087805584797113,0.16478951366032943,0.9466717546614624,,,,,,,-0.8466859897724397,-0.2754857708828256,0.45522568552769505,0.4131051576572397,-0.8795534653458239,0.2360716635158474,,,,,,,,,,,-2.827026618752874
30,2.1710801124572754,direct,direct,direct,0,0,0,3,0,0,4,0,,,,,,,,0,0,-1,,,,,,,,0,,,,,,,,,,,,,,,,,,,,,,,,,,,,,,1,3,0.7005933972909115,1.0102912690615218,-0.247134977337735,-0.20377014549653807,0.11332804662590977,0.073216474523433,0.9696771779879296,,,,,,,-0.8912689633045504,-0.37858755920939297,0.24962190421096034,0.4117774793636983,-0.9062341513253581,0.09580694369661512,,,,,,,,,,,-2.7399137531545237
31,2.222254514694214,direct,direct,direct,0,0,0,3,0,0,4,0,,,,,,,,0,0,-1,,,,,,,,0,,,,,,,,,,,,,,,,,,,,,,,,,,,,,,1,3,0.6566827350218954,0.9448290483470678,-0.223946816227947,-0.19163144372192092,0.032045036708280863,0.00282726561702033,0.9809396066876636,,,,,,,-0.9245010107988343,-0.37577654640617747,0.06395207739377533,0.3761389457281031,-0.9265387926923655,-0.006734919652336646,,,,,,,,,,,-2.7555261575326067
32,2.2790913581848145,direct,direct,direct,0,0,0,3,0,0,5,0,,,,,,,,0,0,-1,,,,,,,,0,,,,,,,,,,,,,,,,,,,,,,,,,,,,,,1,4,0.6998536963434936,1.0065320834031402,-0.24714040868714532,-0.20196497803227845,0.09917537518874839,0.07315043270731603,0.9716086695780997,,,,,,,-0.898748785209185,-0.3779524039966898,0.22226695975366687,0.4069712904325589,-0.9077183236863072,0.10208728426095826,,,,,,,,,,,-2.7435127289799515
33,2.339656352996826,direct,direct,direct,0,0,0,3,0,0,4,0,,,,,,,,0,0,-1,,,,,,,,0,,,,,,,,,,,,,,,,,,,,,,,,,,,,,,1,3,0.7115370340671227,1.0316210558123604,-0.28931800042012684,-0.2110406878413293,0.17680659738180474,0.13858269090483508,0.9513128260353174,,,,,,,-0.8484025103954539,-0.35252675824774793,0.3948899404568639,0.45053609438734105,-0.8725133317140679,0.18904421079583295,,,,,,,,,,,-2.7477804332572604
34,2.4163131713867188,direct,direct,direct,0,0,0,3,0,0,4,0,,,,,,,,0,0,-1,,,,,,,,0,,,,,,,,,,,,,,,,,,,,,,,,,,,,,,1,3,0.7042950087599344,1.011128570528434,-0.24620927669853473,-0.2036591013482399,0.11791569241060115,0.0776146084515587,0.9688110406453196,,,,,,,-0.889237719842712,-0.376310411234671,0.2600898921629357,0.41291833242164444,-0.904997885985877,0.10235857126407014,,,,,,,,,,,-2.741261908137286
35,2.4846904277801514,direct,direct,direct,0,0,0,3,0,0,4,0,,,,,,,,0,0,-1,,,,,,,,0,,,,,,,,,,,,,,,,,,,,,,,,,,,,,,1,3,0.7004201475227538,1.0134136012944495,-0.25896743346866635,-0.20451947442459595,0.1089455171172069,0.109846062756421,0.9665591039238439,,,,,,,-0.8926053177623035,-0.37142584764905107,0.2555358808477634,0.4192947920902008,-0.8922112541559992,0.16778246417136328,,,,,,,,,,,-2.7472722716018216
36,2.541330575942993,direct,direct,direct,0,0,0,3,0,0,5,0,,,,,,,,0,0,-1,,,,,,,,0,,,,,,,,,,,,,,,,,,,,,,,,,,,,,,1,4,0.6983202691875474,1.0031571558663843,-0.2585315971821209,-0.20329025014004132,0.10860331334180279,0.07163713846912874,0.9704362497975519,,,,,,,-0.8937567890583636,-0.37900039474047026,0.23991144782742702,0.4101205171247616,-0.907082389179909,0.09488256253383372,,,,,,,,,,,-2.7405242575622863
37,2.592926025390625,direct,direct,direct,0,0,0,3,0,0,4,0,,,,,,,,0,0,-1,,,,,,,,0,,,,,,,,,,,,,,,,,,,,,,,,,,,,,,1,3,0.7013894971033992,1.008810292298648,-0.2721971146600375,-0.203687912825069,0.12404243688551374,0.09027709910927476,0.9669409254948745,,,,,,,-0.8862494160409411,-0.37151197514144435,0.2766601252323767,0.41630474061532224,-0.9007225590907629,0.12405335338553804,,,,,,,,,,,-2.744648524795967
38,2.648930549621582,direct,direct,direct,0,0,0,3,0,0,4,0,,,,,,,,0,0,-1,,,,,,,,0,,,,,,,,,,,,,,,,,,,,,,,,,,,,,,1,3,0.7180880256024518,1.0186811391900852,-0.2950157342689951,-0.19694137742106715,0.24023757666928702,0.14738684869734656,0.939029881019037,,,,,,,-0.8070000012311229,-0.2990519576869131,0.5092336640645367,0.44068339514280697,-0.878982421381117,0.18217587147698325,,,,,,,,,,,-2.786709320765892
39,2.71895432472229,direct,direct,direct,0,0,0,3,0,0,4,0,,,,,,,,0,0,-1,,,,,,,,0,,,,,,,,,,,,,,,,,,,,,,,,,,,,,,1,3,0.7061688259526001,1.012790884896733,-0.23029354400999458,-0.20376418978228458,0.10986419108297689,0.07376524660005856,0.9700354132061803,,,,,,,-0.892820028960105,-0.37910864176865827,0.24320574340257925,0.4115252783596655,-0.9060776867128035,0.0983370271676694,,,,,,,,,,,-2.7400444819450005
40,2.7718582153320312,direct,direct,direct,0,0,0,3,0,0,4,0,,,,,,,,0,0,-1,,,,,,,,0,,,,,,,,,,,,,,,,,,,,,,,,,,,,,,1,3,0.708200350529461,1.0179472644558463,-0.2615309746310823,-0.20503974129078267,0.1355712445736531,0.11303907807452569,0.9627052035614126,,,,,,,-0.8791582842723193,-0.3641359547550008,0.30738529185700425,0.42543534875508854,-0.8903617426389403,0.16205163150855886,,,,,,,,,,,-2.748916222694434
41,2.824380874633789,direct,direct,direct,0,0,0,3,0,0,4,0,,,,,,,,0,0,-1,,,,,,,,0,,,,,,,,,,,,,,,,,,,,,,,,,,,,,,1,3,0.7078440837402349,1.0155756608803017,-0.22462582907335665,-0.20536493097807398,0.11543090861821642,0.0763319313264996,0.9688520974431085,,,,,,,-0.8890019009198881,-0.38031435985953027,0.25502275946562486,0.41555861661793453,-0.9039973627686752,0.1004977823728922,,,,,,,,,,,-2.7373533946703086
42,2.885279417037964,direct,direct,direct,0,0,0,3,0,0,4,0,,,,,,,,0,0,-1,,,,,,,,0,,,,,,,,,,,,,,,,,,,,,,,,,,,,,,1,3,0.711637835898096,1.015785188552591,-0.22116521403281275,-0.20465490162795869,0.11415140893242054,0.07521369533120181,0.969241315211552,,,,,,,-0.8901716541567879,-0.3795484734506058,0.2520662262919867,0.41389147062288795,-0.9049185425485515,0.09907715123795523,,,,,,,,,,,-2.7385564869153445
43,2.9425909519195557,direct,direct,direct,0,0,0,3,0,0,5,0,,,,,,,,0,0,-1,,,,,,,,0,,,,,,,,,,,,,,,,,,,,,,,,,,,,,,1,4,0.7067220079366442,1.0090962448024505,-0.22901478670071546,-0.19766921434482487,0.10439533419252049,0.05471733377736898,0.9731569808018784,,,,,,,-0.9000569917982632,-0.37330188296695394,0.22481796122282482,0.39615082035020255,-0.9158657901691912,0.06522562329042418,,,,,,,,,,,-2.748432703837958
44,2.9971811771392822,direct,direct,direct,0,0,0,3,0,0,4,0,,,,,,,,0,0,-1,,,,,,,,0,,,,,,,,,,,,,,,,,,,,,,,,,,,,,,1,3,0.7076294486166883,1.0184873150966418,-0.23728994275527898,-0.20596478725080988,0.12529342742918864,0.08636940971220282,0.9666542238679459,,,,,,,-0.8837601269115509,-0.37655042439236136,0.2778089558873382,0.419836501863872,-0.900237662957389,0.1153666411738089,,,,,,,,,,,-2.7388095941806827
45,3.0521459579467773,direct,direct,direct,0,0,0,3,0,0,4,0,,,,,,,,0,0,-1,,,,,,,,0,,,,,,,,,,,,,,,,,,,,,,,,,,,,,,1,3,0.6899194491032015,1.0064144098268324,-0.20512656629792347,-0.18752531724578586,0.12147497966044965,0.12262883199714976,0.9669747950548533,,,,,,,-0.9001561694167214,-0.3328718406774033,0.28091850837040283,0.3924571801679573,-0.899592849909764,0.19159871118001734,,,,,,,,,,,-2.787394439340474
46,3.108391046524048,direct,direct,direct,0,0,0,3,0,0,3,0,,,,,,,,0,0,-1,,,,,,,,0,,,,,,,,,,,,,,,,,,,,,,,,,,,,,,1,2,0.6770914273275115,0.9509357486510637,-0.27073332984712795,-0.18078510154632632,0.14868390780309357,0.04008164704316373,0.9713924563170094,,,,,,,-0.8904196852385713,-0.33930757588608795,0.30335318209300227,0.3631455595403354,-0.9314204172583835,0.02411034840800665,,,,,,,,,,,-2.777515551803868
47,3.163780689239502,direct,direct,direct,0,0,0,3,0,0,3,0,,,,,,,,0,0,-1,,,,,,,,0,,,,,,,,,,,,,,,,,,,,,,,,,,,,,,1,2,0.6538340325813247,0.93828519846312,-0.23831936269329823,-0.19047293843481197,0.03252786901464691,0.0058307368960704075,0.9811360761732407,,,,,,,-0.9253239949227485,-0.37338041997420884,0.06604972672228522,0.3741390657582657,-0.9273721244625138,-0.0009498649456668116,,,,,,,,,,,-2.7580613539918333
48,3.224677085876465,direct,direct,direct,0,0,0,3,0,0,4,0,,,,,,,,0,0,-1,,,,,,,,0,,,,,,,,,,,,,,,,,,,,,,,,,,,,,,1,3,0.701957006067901,1.0093090026297022,-0.2654468201193504,-0.20360984817704672,0.124398952829019,0.08670115471473448,0.9672387709513588,,,,,,,-0.8861358605207267,-0.37230761289755937,0.27595339838043625,0.4154497443198784,-0.9020518789929036,0.11706373285488643,,,,,,,,,,,-2.743839433439584
49,3.2845287322998047,direct,direct,direct,0,0,0,3,0,0,4,0,,,,,,,,0,0,-1,,,,,,,,0,,,,,,,,,,,,,,,,,,,,,,,,,,,,,,1,3,0.7066978199874174,1.007901381906521,-0.26244680094998996,-0.20200626599656593,0.11649291432623639,0.09091537179490443,0.9681721254928274,,,,,,,-0.8912457388198094,-0.36997167859064595,0.2623013344921286,0.4123356650604128,-0.9018557273390381,0.12897886022508476,,,,,,,,,,,-2.7481222828689167
50,3.3438172340393066,direct,direct,direct,0,0,0,3,0,0,5,0,,,,,,,,0,0,-1,,,,,,,,0,,,,,,,,,,,,,,,,,,,,,,,,,,,,,,1,4,0.6998497613914475,1.0081211196966282,-0.23530946473673658,-0.2032375792493975,0.10308293790574365,0.06742691196029038,0.9713506091196241,,,,,,,-0.8961367885871309,-0.3809287644422433,0.2276667137753123,0.4087310211573574,-0.9082961958486884,0.08908969048360811,,,,,,,,,,,-2.7396552507722918
51,3.4107794761657715,direct,direct,direct,0,0,0,3,0,0,4,0,,,,,,,,0,0,-1,,,,,,,,0,,,,,,,,,,,,,,,,,,,,,,,,,,,,,,1,3,0.7012143117107474,1.010740508390704,-0.24924656690240743,-0.20349655099762654,0.11821013790431474,0.07598476093020867,0.9689385084385347,,,,,,,-0.8892310340574264,-0.37638695105568,0.26000198296199367,0.41231562732842564,-0.9056309396768984,0.0991384111265863,,,,,,,,,,,-2.741186211188413
52,3.4651927947998047,direct,direct,direct,0,0,0,3,0,0,3,0,,,,,,,,0,0,-1,,,,,,,,0,,,,,,,,,,,,,,,,,,,,,,,,,,,,,,1,2,0.6548950984607481,0.9404424612808844,-0.22904137289467535,-0.18953711051429578,0.03261761976653232,0.0031267763588211004,0.9813266519810107,,,,,,,-0.9260235492373148,-0.3717916601695633,0.06520235951471229,0.37219961217903125,-0.9281318140149871,-0.00622772085341445,,,,,,,,,,,-2.759800161288467
53,3.522533655166626,direct,direct,direct,0,0,0,3,0,0,5,0,,,,,,,,0,0,-1,,,,,,,,0,,,,,,,,,,,,,,,,,,,,,,,,,,,,,,1,4,0.6989905951664803,1.0022052985467975,-0.1849773921249118,-0.18871298568979047,0.1048452860476809,0.07897286634683012,0.9732205101653945,,,,,,,-0.9067897500512497,-0.35075883089142773,0.23388157634510365,0.38387856193998304,-0.9163013908260215,0.1141446926194551,,,,,,,,,,,-2.7725050771089568
54,3.5824837684631348,direct,direct,direct,0,0,0,3,0,0,5,0,,,,,,,,0,0,-1,,,,,,,,0,,,,,,,,,,,,,,,,,,,,,,,,,,,,,,1,4,0.7018670267067199,1.012603726705396,-0.1912658760368208,-0.19580757681912175,0.10883260408150584,0.12310205602730419,0.9667785376966704,,,,,,,-0.8996297142981238,-0.3518100909237598,0.2586426822395942,0.40540016022471614,-0.8930105533241487,0.19540435445883247,,,,,,,,,,,-2.7688159882491363
55,3.6378390789031982,direct,direct,direct,0,0,0,3,0,0,5,0,,,,,,,,0,1,8,0.3017905438122124,1.0482158625592561,-0.7497270324609874,0.49044952797223956,0.5196229579210002,-0.5030723772066757,-0.4861783884592794,1,0.3040867433684448,1.0488536069395993,-0.7996702076674488,0.49044952797223956,0.5196229579210002,-0.5030723772066757,-0.4861783884592794,,,,,,,,0.31327154159337456,1.0514045844609718,-0.9994429084932943,0.49044952797223956,0.5196229579210002,-0.5030723772066757,-0.4861783884592794,0.31327154159337456,1.0514045844609718,-0.9994429084932943,0.49044952797223956,0.5196229579210002,-0.5030723772066757,-0.4861783884592794,pelvis,1,3,0.7083307903733809,1.0115477652315241,-0.24219965064251053,-0.2058578879389667,0.12317056012727062,0.0827802861867282,0.9672636493273619,0.021097515773524207,-0.9997078356452794,-0.011795684703178315,-0.045923991124648685,-0.01275488760686289,0.9988635041292276,-0.8849030861824844,-0.3778455154271058,0.2723587607115643,0.4186298922955663,-0.9015399083843024,0.10942946069055731,0.03924774050697388,0.7387483258300214,-0.42870532256390076,0.3558532075496297,0.3175068846626955,0.8789527136703257,0.9088177658991443,0.10157897930659063,-0.40463808440274057,-1.549695777390629,-2.7380369527654334
56,3.6940927505493164,direct,direct,direct,0,0,0,3,0,0,4,0,,,,,,,,0,0,-1,,,,,,,,0,,,,,,,,,,,,,,,,,,,,,,,,,,,,,,1,3,0.7092311613865577,1.0156537179796115,-0.23231616419233758,-0.20667108127096445,0.1259058170675385,0.07849365733608074,0.9670954116077958,,,,,,,-0.8828695787896916,-0.3799756926953058,0.27597061403061474,0.41950692494138053,-0.9022516198485927,0.09977952899677171,,,,,,,,,,,-2.735167932598585
57,3.7466351985931396,direct,direct,direct,0,0,0,3,0,0,5,0,,,,,,,,0,0,-1,,,,,,,,0,,,,,,,,,,,,,,,,,,,,,,,,,,,,,,1,4,0.7037644804321855,1.0057566201556958,-0.2400185388187962,-0.19609870246693561,0.10297025939063452,0.05656973232946222,0.9735205647319335,,,,,,,-0.90188484914362,-0.3701622391143745,0.22267383236254748,0.39346223916086814,-0.9166903285499154,0.06975892700985047,,,,,,,,,,,-2.752125802221871
58,3.788429021835327,direct,direct,direct,0,0,0,3,0,0,3,0,,,,,,,,0,0,-1,,,,,,,,0,,,,,,,,,,,,,,,,,,,,,,,,,,,,,,1,2,0.6500640464887115,0.9365033332452837,-0.2489428299625655,-0.19023610232168747,0.036818797036888756,0.009968253406597528,0.9809970619131491,,,,,,,-0.9249092031164174,-0.3725080766967894,0.07603090678278082,0.37397615309274873,-0.9274217185949488,0.00554912572761381,,,,,,,,,,,-2.7587170044500215
59,3.838902473449707,direct,direct,direct,0,0,0,3,0,0,5,0,,,,,,,,0,0,-1,,,,,,,,0,,,,,,,,,,,,,,,,,,,,,,,,,,,,,,1,4,0.6987159101816128,1.0027542403127359,-0.22086568610760632,-0.20432621031728565,0.09242169492573118,0.05752920868482747,0.9728306225816131,,,,,,,-0.899418060168863,-0.3869156948366374,0.20333076041554016,0.4081834827341891,-0.909882379850948,0.07416400245242655,,,,,,,,,,,-2.735338909179178
60,3.8820924758911133,direct,direct,direct,0,0,0,3,0,0,3,0,,,,,,,,0,0,-1,,,,,,,,0,,,,,,,,,,,,,,,,,,,,,,,,,,,,,,1,2,0.6795586747086446,0.9468699720797629,-0.27529861916333304,-0.1766696312021963,0.14407854953885604,0.04462132539563548,0.9726449250849953,,,,,,,-0.8960584259473184,-0.3308156887278989,0.296041006247951,0.35653159209391677,-0.9335935574616332,0.03589280297090794,,,,,,,,,,,-2.787925505301915
61,3.932741641998291,direct,direct,direct,0,0,0,3,0,0,5,0,,,,,,,,0,0,-1,,,,,,,,0,,,,,,,,,,,,,,,,,,,,,,,,,,,,,,1,4,0.7069083233859588,1.0076116454061461,-0.23751540421244532,-0.19616338261184785,0.10810761822137961,0.05764333799752294,0.9728874116717112,,,,,,,-0.8996653404095566,-0.3692264031935319,0.23296810608004742,0.394153139102501,-0.9163943458135628,0.06974744365622326,,,,,,,,,,,-2.75214946920624
62,3.984201669692993,direct,direct,direct,0,0,0,3,0,0,3,0,,,,,,,,0,0,-1,,,,,,,,0,,,,,,,,,,,,,,,,,,,,,,,,,,,,,,1,2,0.6645989516360116,0.9419945297667247,-0.18628214524643982,-0.1888066164529783,0.007171725564677458,-0.005854850136793648,0.9819706455214833,,,,,,,-0.9286012558720058,-0.37088908883092325,0.011873979076163964,0.37072113131730955,-0.9286355646269072,-0.014206720412509763,,,,,,,,,,,-2.7615982871940083
63,4.034715414047241,direct,direct,direct,0,0,0,3,0,0,5,0,,,,,,,,0,0,-1,,,,,,,,0,,,,,,,,,,,,,,,,,,,,,,,,,,,,,,1,4,0.7224128407559489,1.018364650933437,-0.21124138958381405,-0.19766852498432,0.12362047931271977,0.08290948484933124,0.9689020325332357,,,,,,,-0.8912902626500331,-0.36254425073701846,0.27232945849240825,0.4035414917635987,-0.9081063431050835,0.11179058116640106,,,,,,,,,,,-2.7552693978054545
64,4.092510461807251,direct,direct,direct,0,0,0,3,0,0,4,0,,,,,,,,0,0,-1,,,,,,,,0,,,,,,,,,,,,,,,,,,,,,,,,,,,,,,1,3,0.716382143754008,1.0250927613961054,-0.21159435873382781,-0.2058559570230867,0.13118635452003563,0.10231070425057756,0.9643370702931643,,,,,,,-0.8808269306917056,-0.3701855243580565,0.29513826543500055,0.42387259763409985,-0.8943116895077202,0.143313024477081,,,,,,,,,,,-2.743734793932691
65,4.144194841384888,direct,direct,direct,0,0,0,3,0,0,4,0,,,,,,,,0,0,-1,,,,,,,,0,,,,,,,,,,,,,,,,,,,,,,,,,,,,,,1,3,0.6680761631697201,0.9538345775049031,-0.27998969411088537,-0.18882052996730647,0.11220801030647748,0.0629939462742023,0.9735440065136911,,,,,,,-0.9035123397718544,-0.35351333976725746,0.24226797247384943,0.38178704125838303,-0.9207571403913375,0.08028040573849828,,,,,,,,,,,-2.768638494503379
66,4.190477132797241,direct,direct,direct,0,0,0,3,0,0,4,0,,,,,,,,0,0,-1,,,,,,,,0,,,,,,,,,,,,,,,,,,,,,,,,,,,,,,1,3,0.7082718332971425,1.011982157837906,-0.2585028378923457,-0.2056280981356425,0.13034418305714962,0.08952123700459316,0.9657708979491204,,,,,,,-0.8814549584005658,-0.3738421209528,0.288581400843105,0.4205164109673173,-0.8994060667645721,0.11930915796471245,,,,,,,,,,,-2.7404681447389057
67,4.241991758346558,direct,direct,direct,0,0,0,3,0,0,4,0,,,,,,,,0,0,-1,,,,,,,,0,,,,,,,,,,,,,,,,,,,,,,,,,,,,,,1,3,0.7145424397996923,1.0196101461410547,-0.28876008298803724,-0.20091965008683046,0.2396172250020355,0.1392013364153088,0.939594522989306,,,,,,,-0.8044297593826191,-0.3108559296682053,0.5062226320599836,0.44427608146184966,-0.8805085642983551,0.16529800857285937,,,,,,,,,,,-2.772838859409061
68,4.292508363723755,direct,direct,direct,0,0,0,3,0,0,5,0,,,,,,,,0,0,-1,,,,,,,,0,,,,,,,,,,,,,,,,,,,,,,,,,,,,,,1,4,0.7084586556986477,1.0167109426945582,-0.2690986306094182,-0.21535539523393793,0.14239042468599236,0.10140423257946513,0.9607623027140204,,,,,,,-0.8666940414027543,-0.384932707369798,0.31728260178257245,0.4426886743375868,-0.8866784707172083,0.13352163562442962,,,,,,,,,,,-2.723623335257344
69,4.3401124477386475,direct,direct,direct,0,0,0,3,0,0,4,0,,,,,,,,0,0,-1,,,,,,,,0,,,,,,,,,,,,,,,,,,,,,,,,,,,,,,1,3,0.7067975404460657,1.0095217163858048,-0.27061645510779975,-0.2037675753462228,0.12190132008107742,0.09744108940898323,0.9665009454184733,,,,,,,-0.8872376868000242,-0.37012671357732185,0.27534615126816847,0.4176395032936953,-0.8979680186646236,0.1386747372239266,,,,,,,,,,,-2.746374877786118
70,4.392249584197998,direct,direct,direct,0,0,0,3,0,0,5,0,,,,,,,,0,0,-1,,,,,,,,0,,,,,,,,,,,,,,,,,,,,,,,,,,,,,,1,4,0.7043831480650856,1.008686952586219,-0.20694401556250724,-0.20827271229501976,0.10124766703596917,0.05686882332038458,0.9711525751225728,,,,,,,-0.892742774466099,-0.3930134903696029,0.22034231329019405,0.41604483312268176,-0.9067768284948617,0.06828235596931545,,,,,,,,,,,-2.7268918448114396
71,4.440020322799683,direct,direct,direct,0,0,0,3,0,0,5,0,,,,,,,,0,0,-1,,,,,,,,0,,,,,,,,,,,,,,,,,,,,,,,,,,,,,,1,4,0.6968143067884208,0.9979887491923141,-0.2882227645095711,-0.19938090862745564,0.1170908579252344,0.07243886694862486,0.9702008012882809,,,,,,,-0.8930739685304457,-0.36991517646759325,0.25608914258950977,0.4038428927801786,-0.9099997276601797,0.09386913022573905,,,,,,,,,,,-2.7489013837202414
72,4.490154981613159,direct,direct,direct,0,0,0,3,0,0,4,0,,,,,,,,0,0,-1,,,,,,,,0,,,,,,,,,,,,,,,,,,,,,,,,,,,,,,1,3,0.6566529782709705,0.9449397780325992,-0.2245578211750958,-0.19220599817534836,0.0315760920257344,0.004543294190753433,0.9808359511945394,,,,,,,-0.9241196093556007,-0.3767581871402929,0.06368842930401099,0.37733202504216196,-0.9260724254866289,-0.0032257760142771325,,,,,,,,,,,-2.7544710101095093
73,4.540546894073486,direct,direct,direct,0,0,0,3,0,0,5,0,,,,,,,,0,0,-1,,,,,,,,0,,,,,,,,,,,,,,,,,,,,,,,,,,,,,,1,4,0.6948370218105415,1.003248568946868,-0.24568169163218295,-0.20380335810297626,0.1046681550368394,0.05840462934893709,0.9716468843246231,,,,,,,-0.8950175370942683,-0.38382358623217716,0.22720709263924938,0.408276005430432,-0.9101061809931266,0.07083390930815671,,,,,,,,,,,-2.7364699671875923
74,4.592150449752808,direct,direct,direct,0,0,0,3,0,0,4,0,,,,,,,,0,0,-1,,,,,,,,0,,,,,,,,,,,,,,,,,,,,,,,,,,,,,,1,3,0.7131546682150288,1.0116489157134152,-0.27498038392536883,-0.20415600997458264,0.13358987402599584,0.10814426433797117,0.9637317506649741,,,,,,,-0.8809481382979536,-0.3646093005040738,0.30164620935012626,0.4223972151022479,-0.8932502833641146,0.15389777108130862,,,,,,,,,,,-2.7491759104445386
75,4.642483711242676,direct,direct,direct,0,0,0,3,0,0,5,0,,,,,,,,0,0,-1,,,,,,,,0,,,,,,,,,,,,,,,,,,,,,,,,,,,,,,1,4,0.7220256146701112,1.0209048647074348,-0.2687481955068177,-0.19372351250680692,0.21096431114167993,0.11828736816167705,0.9507751356971456,,,,,,,-0.8359305202530831,-0.3184661715007929,0.44698933199690316,0.41828382406475517,-0.8969585984708182,0.14319188229446314,,,,,,,,,,,-2.7775965129767197
76,4.692593336105347,direct,direct,direct,0,0,0,3,0,0,5,0,,,,,,,,0,0,-1,,,,,,,,0,,,,,,,,,,,,,,,,,,,,,,,,,,,,,,1,4,0.7125657849318886,1.0205624118650467,-0.22676065009596064,-0.2073962093782583,0.12207717054664512,0.08471098081971805,0.9669064207540544,,,,,,,-0.8841679535337094,-0.3803828992703758,0.27121187268752545,0.42174800668118473,-0.8996217241281816,0.11317849767992318,,,,,,,,,,,-2.7353126029883303
77,4.741366863250732,direct,direct,direct,0,0,0,3,0,0,4,0,,,,,,,,0,0,-1,,,,,,,,0,,,,,,,,,,,,,,,,,,,,,,,,,,,,,,1,3,0.7129558989223351,1.01774176316044,-0.22554585872676014,-0.2046923722294488,0.1217055065969862,0.07905629386538504,0.9680076987376297,,,,,,,-0.8865776048301031,-0.3770444117928161,0.26798817539124015,0.4155307569710838,-0.903702270302701,0.10322982447326641,,,,,,,,,,,-2.7394842103645507
78,4.790212392807007,direct,direct,direct,0,0,0,3,0,0,5,0,,,,,,,,0,0,-1,,,,,,,,0,,,,,,,,,,,,,,,,,,,,,,,,,,,,,,1,4,0.6952360365630965,1.00215785924191,-0.2479518014656002,-0.20305845009264267,0.10064664931292854,0.06311575790517993,0.9719330835670267,,,,,,,-0.897275035656108,-0.382013671981762,0.22127599238810403,0.4074232301897714,-0.9095673339000565,0.08181428117190089,,,,,,,,,,,-2.7390880290050394
79,4.84430456161499,direct,direct,direct,0,0,0,3,0,0,5,0,,,,,,,,0,0,-1,,,,,,,,0,,,,,,,,,,,,,,,,,,,,,,,,,,,,,,1,4,0.6999356695017169,1.0036947091143773,-0.22970906551902454,-0.20324135670363816,0.09615976772833619,0.059296125924922845,0.9725894403323494,,,,,,,-0.8988924999913934,-0.38393699134529596,0.21115079951528445,0.40674459812981917,-0.91035384075112,0.07625428854756681,,,,,,,,,,,-2.737925811470345
80,4.894596099853516,direct,direct,direct,0,0,0,3,0,0,4,0,,,,,,,,0,0,-1,,,,,,,,0,,,,,,,,,,,,,,,,,,,,,,,,,,,,,,1,3,0.7069021810384987,1.0157419975071926,-0.259939434795559,-0.20736526698460844,0.13839136680582725,0.08936018847903152,0.9642936442583292,,,,,,,-0.8756949512840343,-0.3751886607430999,0.30396022954566343,0.42465537522965796,-0.8980288055267879,0.11494379814800246,,,,,,,,,,,-2.7368061992533383
81,4.94605565071106,direct,direct,direct,0,0,0,3,0,0,4,0,,,,,,,,0,0,-1,,,,,,,,0,,,,,,,,,,,,,,,,,,,,,,,,,,,,,,1,3,0.7186221746044807,1.0313064640030698,-0.264462212297206,-0.2087508918502399,0.16579635083780586,0.13168291782938135,0.954774446847284,,,,,,,-0.8578692704011935,-0.35495494010280776,0.3715740913975791,0.44228512907795214,-0.8781653486073395,0.18223469785375346,,,,,,,,,,,-2.749277836789966
82,4.99773645401001,direct,direct,direct,0,0,0,3,0,0,4,0,,,,,,,,0,0,-1,,,,,,,,0,,,,,,,,,,,,,,,,,,,,,,,,,,,,,,1,3,0.7023861246198206,1.010316422954102,-0.26614330031939915,-0.2029960221109904,0.124709111703543,0.08866051897940636,0.9671502286819406,,,,,,,-0.8864805049304553,-0.37054174928214356,0.2772203571478375,0.4147688475425309,-0.9018638547628335,0.12086517521835603,,,,,,,,,,,-2.7456727969152146
83,5.045342206954956,direct,direct,direct,0,0,0,3,0,0,4,0,,,,,,,,0,0,-1,,,,,,,,0,,,,,,,,,,,,,,,,,,,,,,,,,,,,,,1,3,0.7048596388800249,1.0074170634791,-0.27187372372822505,-0.2032050782196719,0.12097833200110772,0.09330544488455404,0.9671432330977984,,,,,,,-0.888143878743934,-0.3704809584850198,0.27192703074483454,0.4156327068400383,-0.900003580281265,0.131312636428211,,,,,,,,,,,-2.7463976925801616
84,5.086870193481445,direct,direct,direct,0,0,0,3,0,0,3,0,,,,,,,,0,0,-1,,,,,,,,0,,,,,,,,,,,,,,,,,,,,,,,,,,,,,,1,2,0.6566324596925148,0.9396793076945342,-0.22822105885479735,-0.19039431196023276,0.025869571285169448,0.008105136473907768,0.9813333164717534,,,,,,,-0.9261615425094223,-0.37326121037501003,0.05385968813454245,0.37409991599816117,-0.9273686254718575,0.006056842461700119,,,,,,,,,,,-2.7584859274207725
85,5.135883331298828,direct,direct,direct,0,0,0,3,0,0,4,0,,,,,,,,0,0,-1,,,,,,,,0,,,,,,,,,,,,,,,,,,,,,,,,,,,,,,1,3,0.7003634023259957,1.01146243750992,-0.2599513626296969,-0.20388239021175353,0.12222340154463814,0.08243875265690183,0.9678312162442244,,,,,,,-0.8869868221528008,-0.37449559384119474,0.270198866616436,0.414799372916489,-0.9032716460438328,0.10973519800570865,,,,,,,,,,,-2.7420866832930018
86,5.18590521812439,direct,direct,direct,0,0,0,3,0,0,5,0,,,,,,,,0,0,-1,,,,,,,,0,,,,,,,,,,,,,,,,,,,,,,,,,,,,,,1,4,0.6833631686954378,0.9891424051324382,-0.22138225560916924,-0.1828625716292714,0.10414499722141568,0.07851791336204739,0.9744485808559377,,,,,,,-0.911430198901762,-0.3400258510937779,0.23168386460400492,0.3727348425694653,-0.9207924343567997,0.11493489446637041,,,,,,,,,,,-2.7845164719236095
87,5.230165958404541,direct,direct,direct,0,0,0,3,0,0,4,0,,,,,,,,0,0,-1,,,,,,,,0,,,,,,,,,,,,,,,,,,,,,,,,,,,,,,1,3,0.6997480690451041,1.0085479165413882,-0.26581572842907675,-0.20367371932448175,0.1202231992750233,0.08356604424643271,0.9680289844119407,,,,,,,-0.8881267968252212,-0.37423097295803315,0.2667994970757208,0.4144172817182902,-0.9030674646110716,0.11281609359553053,,,,,,,,,,,-2.742799720608329
88,5.2840728759765625,direct,direct,direct,0,0,0,3,0,0,5,0,,,,,,,,0,0,-1,,,,,,,,0,,,,,,,,,,,,,,,,,,,,,,,,,,,,,,1,4,0.6949624366247711,1.0007356489491834,-0.2523064113029884,-0.20211341060850677,0.09744743434478964,0.06678598540845133,0.972210779072541,,,,,,,-0.8993083335836307,-0.37997742692092523,0.21647557870944065,0.4060099186338937,-0.9093796028104381,0.0904692431892077,,,,,,,,,,,-2.74182288682464
89,5.331742525100708,direct,direct,direct,0,0,0,3,0,0,3,0,,,,,,,,0,0,-1,,,,,,,,0,,,,,,,,,,,,,,,,,,,,,,,,,,,,,,1,2,0.6748233997003116,0.9535584605516143,-0.2635358272370484,-0.18586159357029064,0.13891946575560418,0.047736175968271545,0.9715338941970145,,,,,,,-0.8923137001393793,-0.347878707440559,0.2876745825634514,0.3744046436914701,-0.9263534510788767,0.041115039298517606,,,,,,,,,,,-2.7698568494390203
90,5.38637900352478,direct,direct,direct,0,0,0,3,0,0,5,0,,,,,,,,0,0,-1,,,,,,,,0,,,,,,,,,,,,,,,,,,,,,,,,,,,,,,1,4,0.7050256582717156,1.0057062154144658,-0.23179567967292178,-0.1963859016679053,0.10296742549404504,0.05131013742368122,0.973754361587549,,,,,,,-0.9016605738264241,-0.37189671110232825,0.22068313455784214,0.3930298021113767,-0.917599694847293,0.05948423882379035,,,,,,,,,,,-2.7503933523160335
91,5.439481496810913,direct,direct,direct,0,0,0,3,0,0,4,0,,,,,,,,0,0,-1,,,,,,,,0,,,,,,,,,,,,,,,,,,,,,,,,,,,,,,1,3,0.7181255753647275,1.02073475887119,-0.29539001849026325,-0.19866366543807268,0.24761715441004423,0.14974182489539073,0.9363737922184602,,,,,,,-0.7984369857531636,-0.29788961041100764,0.523220947392763,0.4462041887180626,-0.8762202678234154,0.18204357782112995,,,,,,,,,,,-2.7844967239746627
92,5.489926815032959,direct,direct,direct,0,0,0,3,0,0,4,0,,,,,,,,0,0,-1,,,,,,,,0,,,,,,,,,,,,,,,,,,,,,,,,,,,,,,1,3,0.6695396222579908,0.9518502451637489,-0.18641099195522615,-0.1867501338285541,0.02328752913635573,-0.008165838493914227,0.9820974481096221,,,,,,,-0.9291641570034808,-0.36719398413800636,0.04269130301206523,0.3664333353306073,-0.9301154131934172,-0.024737196658598484,,,,,,,,,,,-2.765241926497058
93,5.540327548980713,direct,direct,direct,0,0,0,3,0,0,4,0,,,,,,,,0,0,-1,,,,,,,,0,,,,,,,,,,,,,,,,,,,,,,,,,,,,,,1,3,0.7078469142498038,1.0232492474198558,-0.26887972331650756,-0.20615607745209175,0.1321136256776635,0.12785077804532816,0.9610930445035349,,,,,,,-0.8800913232797386,-0.3624886845761176,0.3066614032479377,0.430052003909232,-0.8823077005655432,0.19128093333209814,,,,,,,,,,,-2.7508902685938867
94,5.585906982421875,direct,direct,direct,0,0,0,3,0,0,3,0,,,,,,,,0,0,-1,,,,,,,,0,,,,,,,,,,,,,,,,,,,,,,,,,,,,,,1,2,0.6791639149063143,0.9566825702208024,-0.23426094135505948,-0.1865069859489862,0.12325765211236185,0.033881109303130715,0.9741020304980182,,,,,,,-0.9000453907759449,-0.35500145546261325,0.25276918554761013,0.3717058793972779,-0.9281344292492277,0.020030488354159205,,,,,,,,,,,-2.7659005190546595
95,5.634121656417847,direct,direct,direct,0,0,0,3,0,0,5,0,,,,,,,,0,0,-1,,,,,,,,0,,,,,,,,,,,,,,,,,,,,,,,,,,,,,,1,4,0.6981181643363465,1.0034483276148634,-0.22212337285641442,-0.2023307567647862,0.08799109611746174,0.05604451297064361,0.9737447532269018,,,,,,,-0.9026396637420733,-0.38417418937696546,0.19404079379385317,0.4038998618875907,-0.9118425548657445,0.07353949077262426,,,,,,,,,,,-2.7392038288896385
96,5.683579444885254,direct,direct,direct,0,0,0,3,0,0,4,0,,,,,,,,0,0,-1,,,,,,,,0,,,,,,,,,,,,,,,,,,,,,,,,,,,,,,1,3,0.693064661972111,1.0063769626866346,-0.29484383355818544,-0.20325421037705887,0.13278912519674588,0.09161049406483728,0.96574442352554,,,,,,,-0.8821095483869624,-0.36825348572804034,0.29372115159398565,0.416912995190886,-0.9005904866823896,0.12296474998202234,,,,,,,,,,,-2.74611799231179
97,5.725498914718628,direct,direct,direct,0,0,0,3,0,0,4,0,,,,,,,,0,0,-1,,,,,,,,0,,,,,,,,,,,,,,,,,,,,,,,,,,,,,,1,3,0.70529708899715,1.0139093117834233,-0.24081765213420192,-0.20493925727532733,0.12423231205227843,0.07808300672394343,0.9677134273794754,,,,,,,-0.8851324669391651,-0.3772440772104042,0.2724470997824324,0.41604580703964017,-0.9038058897767716,0.10020379259066256,,,,,,,,,,,-2.7387054419808945
98,5.7842559814453125,direct,direct,direct,0,0,0,3,0,0,3,0,,,,,,,,0,0,-1,,,,,,,,0,,,,,,,,,,,,,,,,,,,,,,,,,,,,,,1,2,0.6479725870006221,0.9314343764954152,-0.2706053464744734,-0.18998594113350115,0.04118709467205992,0.02078274957995777,0.9807023211576433,,,,,,,-0.9244179308081855,-0.37092734476489714,0.08868141916983782,0.3743512690628787,-0.9269468389830292,0.025113443618553413,,,,,,,,,,,-2.760004822313271
99,5.834340810775757,direct,direct,direct,0,0,0,3,0,0,5,0,,,,,,,,0,0,-1,,,,,,,,0,,,,,,,,,,,,,,,,,,,,,,,,,,,,,,1,4,0.7001377546242189,1.007984645768448,-0.26728888231821524,-0.20435122437751382,0.12813888020582387,0.0955335087848788,0.965761022807536,,,,,,,-0.8836420089500171,-0.37022578125794503,0.28654785099651753,0.41919200860925515,-0.898227851589321,0.13215440419210714,,,,,,,,,,,-2.744834482326999
100,5.8852691650390625,direct,direct,direct,0,0,0,3,0,0,5,0,,,,,,,,0,0,-1,,,,,,,,0,,,,,,,,,,,,,,,,,,,,,,,,,,,,,,1,4,0.7106768318383374,1.009348384652206,-0.218200756742575,-0.19815907307308872,0.10335848852556569,0.05771773628840711,0.9729946903895553,,,,,,,-0.900100009217049,-0.37368421593748846,0.22400910732970575,0.39754668787303626,-0.9148032893531117,0.0713552573389262,,,,,,,,,,,-2.7480872428796674
101,5.928407192230225,direct,direct,direct,0,0,0,3,0,0,4,0,,,,,,,,0,0,-1,,,,,,,,0,,,,,,,,,,,,,,,,,,,,,,,,,,,,,,1,3,0.6614888233053778,0.9466695125650451,-0.2184799968946416,-0.18564134105278907,0.035430774318494763,-0.008179679261610315,0.9819445226541523,,,,,,,-0.9285639054466278,-0.3651586207897468,0.0665451362958685,0.36399937131008375,-0.930940770678598,-0.029218815414060264,,,,,,,,,,,-2.766917944845082
102,5.971871614456177,direct,direct,direct,0,0,0,3,0,0,5,0,,,,,,,,0,0,-1,,,,,,,,0,,,,,,,,,,,,,,,,,,,,,,,,,,,,,,1,4,0.6984533929930248,1.0033038578402964,-0.23611519909508522,-0.20350247532809124,0.0954212872791317,0.062358403186588106,0.9724160375175597,,,,,,,-0.8989630409386662,-0.3838775031576443,0.21095855895355164,0.4076787795765854,-0.9093963441747173,0.08243968634465638,,,,,,,,,,,-2.738010123853409
103,6.016061067581177,direct,direct,direct,0,0,0,3,0,0,4,0,,,,,,,,0,0,-1,,,,,,,,0,,,,,,,,,,,,,,,,,,,,,,,,,,,,,,1,3,0.7097585830551182,1.015698889653277,-0.32363736597460424,-0.19936712963732048,0.2504221386135018,0.15552088793309865,0.9345345116842484,,,,,,,-0.7950830002248315,-0.2947391795724525,0.5300677680999266,0.45052267299356175,-0.8721320020733534,0.1908273881764921,,,,,,,,,,,-2.7865950518262905
104,6.0600597858428955,direct,direct,direct,0,0,0,3,0,0,3,0,,,,,,,,0,0,-1,,,,,,,,0,,,,,,,,,,,,,,,,,,,,,,,,,,,,,,1,2,0.6557328367524365,0.93834826720299,-0.21509243259298366,-0.18811150194528212,0.021097882211458342,-0.00142713919076194,0.9819200097135264,,,,,,,-0.9283378844041632,-0.36948111486376695,0.040895942818701604,0.3693606764055827,-0.9292240522192406,-0.010740181677435205,,,,,,,,,,,-2.762809150567271
105,6.1025614738464355,direct,direct,direct,0,0,0,3,0,0,4,0,,,,,,,,0,0,-1,,,,,,,,0,,,,,,,,,,,,,,,,,,,,,,,,,,,,,,1,3,0.7205578720154686,1.0243420937059458,-0.28120926808530267,-0.201128494966648,0.2440926859066298,0.14767241714660673,0.9371013533302666,,,,,,,-0.7999321783986769,-0.30486405578177217,0.5168814346198131,0.44904708352432987,-0.8754803714530592,0.17858005481773934,,,,,,,,,,,-2.7774739831952906
106,6.150735378265381,direct,direct,direct,0,0,0,3,0,0,4,0,,,,,,,,0,0,-1,,,,,,,,0,,,,,,,,,,,,,,,,,,,,,,,,,,,,,,1,3,0.7069941429671419,1.0063284752468675,-0.2846084214171837,-0.2057256726347279,0.13361829001220785,0.10311260872072052,0.9639454808836493,,,,,,,-0.8796462003864045,-0.3690612039640692,0.30002731521372067,0.42417212578791075,-0.8940894750835927,0.14381244121879785,,,,,,,,,,,-2.744341793910209
107,6.201699733734131,direct,direct,direct,0,0,0,3,0,0,4,0,,,,,,,,0,0,-1,,,,,,,,0,,,,,,,,,,,,,,,,,,,,,,,,,,,,,,1,3,0.6896683671681857,0.9580925926702752,-0.2232183102324788,-0.17765939311073195,0.12187061203140342,0.015607807741702924,0.976391873327567,,,,,,,-0.9071693879252346,-0.34312610914335256,0.2435326976721979,0.35073464147115213,-0.9363870727540489,-0.012824244664149585,,,,,,,,,,,-2.779986047233489
108,6.243436098098755,direct,direct,direct,0,0,0,3,0,0,3,0,,,,,,,,0,0,-1,,,,,,,,0,,,,,,,,,,,,,,,,,,,,,,,,,,,,,,1,2,0.6814422646066514,0.9530927540800631,-0.2525359332023066,-0.18417929516529685,0.12728260245013956,0.053455273546015446,0.9731493513721596,,,,,,,-0.8997542526918682,-0.3448600705893384,0.267420673239774,0.3720757759158221,-0.92644104192507,0.05715428954530976,,,,,,,,,,,-2.7755804482697086
109,6.2894275188446045,direct,direct,direct,0,0,0,3,0,0,5,0,,,,,,,,0,0,-1,,,,,,,,0,,,,,,,,,,,,,,,,,,,,,,,,,,,,,,1,4,0.703985323601712,1.0077462724489954,-0.2440072458715909,-0.1966546619042117,0.10604196926992694,0.05959262643939782,0.9728981260022811,,,,,,,-0.9001640894093922,-0.37001126514923766,0.22977440196945437,0.39528854299564137,-0.9155513256507887,0.07424781394401962,,,,,,,,,,,-2.751597983309761
110,6.336563348770142,direct,direct,direct,0,0,0,3,0,0,4,0,,,,,,,,0,0,-1,,,,,,,,0,,,,,,,,,,,,,,,,,,,,,,,,,,,,,,1,3,0.6777291083532019,0.9555956841016313,-0.26489671192589426,-0.18296215054072051,0.12415844180452873,0.04236813012326993,0.9743277037773501,,,,,,,-0.9022190655963728,-0.3460094619924589,0.25744554741944586,0.36705090606556556,-0.929459586038745,0.037128294832008225,,,,,,,,,,,-2.775382666945206
111,6.383993864059448,direct,direct,direct,0,0,0,3,0,0,4,0,,,,,,,,0,0,-1,,,,,,,,0,,,,,,,,,,,,,,,,,,,,,,,,,,,,,,1,3,0.7113524119815036,1.0127925077237276,-0.22980240244825467,-0.20562662315134594,0.12137890347701905,0.07871895123975951,0.9678781846688163,,,,,,,-0.8859697072841816,-0.37893340550192084,0.26733340975175174,0.4171526854392931,-0.9030420371341732,0.10246324316235782,,,,,,,,,,,-2.7374333354927476
112,6.425741910934448,direct,direct,direct,0,0,0,3,0,0,4,0,,,,,,,,0,0,-1,,,,,,,,0,,,,,,,,,,,,,,,,,,,,,,,,,,,,,,1,3,0.7098922406913726,1.0150271359821923,-0.23787383715029353,-0.20439846527205238,0.12230673881808929,0.08185688749019404,0.9677612200354646,,,,,,,-0.8865246580682269,-0.3755945183326662,0.2701902819041915,0.41564111416756566,-0.9030414347296941,0.10843722319793755,,,,,,,,,,,-2.740848477711765
113,6.465900182723999,direct,direct,direct,0,0,0,3,0,0,3,0,,,,,,,,0,0,-1,,,,,,,,0,,,,,,,,,,,,,,,,,,,,,,,,,,,,,,1,2,0.658585876080162,0.9374122608716526,-0.22764245142296677,-0.18999064056742787,0.021711660203838797,0.011173963576929298,0.9814821969072862,,,,,,,-0.926864320615943,-0.37245965199125874,0.0468651129060522,0.373430073192508,-0.9275573980695202,0.013684068179473787,,,,,,,,,,,-2.7594931871135655
114,6.5110814571380615,direct,direct,direct,0,0,0,3,0,0,4,0,,,,,,,,0,0,-1,,,,,,,,0,,,,,,,,,,,,,,,,,,,,,,,,,,,,,,1,3,0.7009697835692319,1.0085338681099336,-0.2589959692423493,-0.20282196770487368,0.12006420258853039,0.0787858568602871,0.9686282183747766,,,,,,,-0.8888956733462074,-0.3739994402921077,0.2645541543192689,0.41183688460884543,-0.9053120763502275,0.1039250926875755,,,,,,,,,,,-2.7433305578874525
115,6.5529820919036865,direct,direct,direct,0,0,0,3,0,0,4,0,,,,,,,,0,0,-1,,,,,,,,0,,,,,,,,,,,,,,,,,,,,,,,,,,,,,,1,3,0.7054705414737057,1.012932890868408,-0.2510775840408529,-0.20428197073927082,0.12258157235389283,0.0874180526205088,0.9672645546210018,,,,,,,-0.8864852691002543,-0.37375773420376796,0.27285348411027416,0.41662110357311727,-0.9012539210138355,0.11903035711407993,,,,,,,,,,,-2.742590469050801
116,6.596177339553833,direct,direct,direct,0,0,0,3,0,0,5,0,,,,,,,,0,0,-1,,,,,,,,0,,,,,,,,,,,,,,,,,,,,,,,,,,,,,,1,4,0.7032677507179024,1.0113147893386232,-0.23182926458709446,-0.1978895677461443,0.09557226865643187,0.07341436730684107,0.9727877420660908,,,,,,,-0.9034113208822145,-0.3709763363014301,0.2149989376862635,0.3990418468433959,-0.9109000993003613,0.1050076833493858,,,,,,,,,,,-2.7519481100542267
117,6.641390085220337,direct,direct,direct,0,0,0,3,0,0,5,0,,,,,,,,0,0,-1,,,,,,,,0,,,,,,,,,,,,,,,,,,,,,,,,,,,,,,1,4,0.6934006291880722,0.9999869279512563,-0.2578904855510064,-0.19985655835157976,0.10723988166500936,0.0627901373566396,0.9719127340019117,,,,,,,-0.8971139277286724,-0.3750190542716817,0.23355365466720324,0.4019534818711041,-0.9122295094691916,0.07918788079809536,,,,,,,,,,,-2.7456418448235524
118,6.685713768005371,direct,direct,direct,0,0,0,3,0,0,3,0,,,,,,,,0,0,-1,,,,,,,,0,,,,,,,,,,,,,,,,,,,,,,,,,,,,,,1,2,0.6560591256652886,0.9398494703247844,-0.2199884887196566,-0.1893003120119459,0.02410265787634473,-0.002667630809969567,0.9816197519922557,,,,,,,-0.9271689075109518,-0.3717704446439521,0.04630932340454357,0.3715132566729398,-0.9283165512360838,-0.014362479500796959,,,,,,,,,,,-2.760247071479112
119,6.728984355926514,direct,direct,direct,0,0,0,3,0,0,4,0,,,,,,,,0,0,-1,,,,,,,,0,,,,,,,,,,,,,,,,,,,,,,,,,,,,,,1,3,0.7100229628839996,1.0165444960553152,-0.23106526844836398,-0.20474385850395785,0.1235771997137757,0.0832925484072249,0.9674042482311327,,,,,,,-0.8856172562316258,-0.37555403725354736,0.27320549146627326,0.4167262768103034,-0.902284607569482,0.11055178496526794,,,,,,,,,,,-2.740519245306659
120,6.773614406585693,direct,direct,direct,0,0,0,3,0,0,4,0,,,,,,,,0,0,-1,,,,,,,,0,,,,,,,,,,,,,,,,,,,,,,,,,,,,,,1,3,0.7210234896754153,1.0206908259156322,-0.287330251826155,-0.19363261563174092,0.2525842429870364,0.13484534850611182,0.9383625857548571,,,,,,,-0.7974152207165522,-0.29527558323587483,0.5262521218145213,0.43151482432683225,-0.8886462842997517,0.15525056452853364,,,,,,,,,,,-2.786956905680291
121,6.82064151763916,direct,direct,direct,0,0,0,3,0,0,4,0,,,,,,,,0,0,-1,,,,,,,,0,,,,,,,,,,,,,,,,,,,,,,,,,,,,,,1,3,0.7122664512751065,1.0134424412641394,-0.26751942570866794,-0.1822928269914109,0.23887054494908988,0.15781145358088558,0.9406411287530928,,,,,,,-0.8194203759664093,-0.2675512452574378,0.5069187100633235,0.4183372769217342,-0.8837297406923355,0.20979911380548413,,,,,,,,,,,-2.8259930833568445
122,6.870220184326172,direct,direct,direct,0,0,0,3,0,0,3,0,,,,,,,,0,0,-1,,,,,,,,0,,,,,,,,,,,,,,,,,,,,,,,,,,,,,,1,2,0.6532078030607327,0.9406397095579455,-0.22264459960594296,-0.18969439038359567,0.030692831437074297,0.0001269212271352082,0.9813633232632926,,,,,,,-0.9261479767107429,-0.3723104435588391,0.060289790608510876,0.3723260258461602,-0.9280320442959965,-0.011395404222696429,,,,,,,,,,,-2.759364298061712
123,6.924010515213013,direct,direct,direct,0,0,0,3,0,0,4,0,,,,,,,,0,0,-1,,,,,,,,0,,,,,,,,,,,,,,,,,,,,,,,,,,,,,,1,3,0.6573828234981268,0.9415159361749963,-0.23459981369480504,-0.19244764711466936,0.025974231592908587,0.012594835433672942,0.9808825681668446,,,,,,,-0.9245784848263716,-0.3768828023341494,0.05580303487203886,0.37819136702386474,-0.9256105464808528,0.014710749540306182,,,,,,,,,,,-2.7545289435592766
124,6.978831052780151,direct,direct,direct,0,0,0,3,0,0,5,0,,,,,,,,0,0,-1,,,,,,,,0,,,,,,,,,,,,,,,,,,,,,,,,,,,,,,1,4,0.6885159240292718,0.9966557444581745,-0.28315579741804353,-0.2000933493888112,0.11318673606783643,0.07529911661234676,0.9702996739905034,,,,,,,-0.8943028286173539,-0.3712553008829769,0.24978381111130799,0.4053467458355487,-0.9085853891355347,0.10082959034906441,,,,,,,,,,,-2.748108384871707
125,7.035736799240112,direct,direct,direct,0,0,0,3,0,0,5,0,,,,,,,,0,0,-1,,,,,,,,0,,,,,,,,,,,,,,,,,,,,,,,,,,,,,,1,4,0.7081448525419191,1.0114087165234618,-0.22831315542663244,-0.20068360898590254,0.10022416892879511,0.0660593395764212,0.9722743279042458,,,,,,,-0.8993624100938512,-0.3769975572782698,0.2214048263168546,0.4034805269143975,-0.910724505478241,0.08822890412043977,,,,,,,,,,,-2.744659238867898
126,7.0911664962768555,direct,direct,direct,0,0,0,3,0,0,5,0,,,,,,,,0,0,-1,,,,,,,,0,,,,,,,,,,,,,,,,,,,,,,,,,,,,,,1,4,0.7070235086313497,1.0057960960331227,-0.2576148525083442,-0.1983353744846664,0.10784498282967646,0.07515013608447345,0.9712800811058462,,,,,,,-0.8980650778129877,-0.36906926695989445,0.23930522810510882,0.4014875275026061,-0.9100310725490248,0.10320471043085297,,,,,,,,,,,-2.751673430497303
127,7.154897451400757,direct,direct,direct,0,0,0,3,0,0,4,0,,,,,,,,0,0,-1,,,,,,,,0,,,,,,,,,,,,,,,,,,,,,,,,,,,,,,1,3,0.716307362011515,1.0200722532424136,-0.26883906223810394,-0.20179556630283765,0.18244129888963465,0.1176247087768922,0.9550697093747301,,,,,,,-0.8519874437599605,-0.34253845642237807,0.39596060605462197,0.42837687502546296,-0.8908859546113364,0.15104790240074925,,,,,,,,,,,-2.759323412847602
128,7.221203327178955,direct,direct,direct,0,0,0,3,0,0,5,0,,,,,,,,0,0,-1,,,,,,,,0,,,,,,,,,,,,,,,,,,,,,,,,,,,,,,1,4,0.70312248519051,1.0102378092761293,-0.243223857741183,-0.2031751535109385,0.12529972666133418,0.08651339469720701,0.9672307211996355,,,,,,,-0.886039670988803,-0.3713542911042549,0.27754223446623383,0.4147147099366719,-0.902470579067544,0.11644124389422614,,,,,,,,,,,-2.74471549143624
129,7.276132822036743,direct,direct,direct,0,0,0,3,0,0,4,0,,,,,,,,0,0,-1,,,,,,,,0,,,,,,,,,,,,,,,,,,,,,,,,,,,,,,1,3,0.7080011631788654,1.0150774667606692,-0.24675395270346592,-0.2049872946132144,0.1287186145040525,0.08704459664726256,0.9663513675272716,,,,,,,-0.8828234546546246,-0.3737709851893916,0.28446089105925526,0.41858802471139006,-0.9008068944833412,0.11545996890478992,,,,,,,,,,,-2.7410938165522007
130,7.33823037147522,direct,direct,direct,0,0,0,3,0,0,4,0,,,,,,,,0,0,-1,,,,,,,,0,,,,,,,,,,,,,,,,,,,,,,,,,,,,,,1,3,0.7185711561610802,1.0261614461304562,-0.2804735380862532,-0.2028945688472194,0.24458085487687597,0.14501406720253274,0.9370084949846382,,,,,,,-0.798027998719995,-0.3092925401410439,0.5171938107441546,0.45116319824331647,-0.8756094284913606,0.17251057152503657,,,,,,,,,,,-2.771846602137603
131,7.40372896194458,direct,direct,direct,0,0,0,3,0,0,4,0,,,,,,,,0,0,-1,,,,,,,,0,,,,,,,,,,,,,,,,,,,,,,,,,,,,,,1,3,0.697901538833108,1.0088973780207309,-0.2778348756959059,-0.20396723709695475,0.12778006988128812,0.08961921453773573,0.9664564223584047,,,,,,,-0.8841392398643353,-0.3713477934934264,0.28354650553247557,0.41715399147877885,-0.9007315251533473,0.12110023529393649,,,,,,,,,,,-2.7439557084066375
132,7.46240496635437,direct,direct,direct,0,0,0,3,0,0,4,0,,,,,,,,0,0,-1,,,,,,,,0,,,,,,,,,,,,,,,,,,,,,,,,,,,,,,1,3,0.7024736468570218,1.0073181469262316,-0.26105902454086727,-0.20298607481598688,0.11700576064173691,0.08324603836291185,0.9685950663225205,,,,,,,-0.8902126108148941,-0.37374208911975015,0.26045797812033733,0.4127031532760055,-0.9037335010553588,0.11376232393137323,,,,,,,,,,,-2.7441052365808494
133,7.510112285614014,direct,direct,direct,0,0,0,3,0,0,3,0,,,,,,,,0,0,-1,,,,,,,,0,,,,,,,,,,,,,,,,,,,,,,,,,,,,,,1,2,0.6506576095055661,0.933627644074868,-0.24444277267482428,-0.1887174318208951,0.024708448302720527,0.00895855298000653,0.9816796666112129,,,,,,,-0.9275504470187954,-0.3700774272209739,0.051892832807026675,0.3709628349936684,-0.9286109505108605,0.008263028789525841,,,,,,,,,,,-2.7619627804123446
134,7.567515850067139,direct,direct,direct,0,0,0,3,0,0,4,0,,,,,,,,0,0,-1,,,,,,,,0,,,,,,,,,,,,,,,,,,,,,,,,,,,,,,1,3,0.6981462008444121,1.0106875582395052,-0.2720607150781084,-0.20376158367202987,0.12869508493080778,0.08758759946100043,0.9665646406499557,,,,,,,-0.883837584268237,-0.37135329669740474,0.28447821299153314,0.4164416709034807,-0.9016192588802514,0.11687192456421269,,,,,,,,,,,-2.74382856811542
135,7.625298023223877,direct,direct,direct,0,0,0,3,0,0,4,0,,,,,,,,0,0,-1,,,,,,,,0,,,,,,,,,,,,,,,,,,,,,,,,,,,,,,1,3,0.7197654849573477,1.0111211821193726,-0.315906922636652,-0.18815272447005735,0.24777577713189006,0.1458852471802733,0.9391076675207872,,,,,,,-0.806411433082366,-0.28109767144517345,0.5202736776948718,0.42568499341385413,-0.8866320938592912,0.18076453336021825,,,,,,,,,,,-2.8061847827795074
136,7.682211399078369,direct,direct,direct,0,0,0,3,0,0,4,0,,,,,,,,0,0,-1,,,,,,,,0,,,,,,,,,,,,,,,,,,,,,,,,,,,,,,1,3,0.718649037526081,1.0355385787903726,-0.26461696505220517,-0.21151268418867167,0.17672997756094733,0.13818173180700385,0.9512805624280503,,,,,,,-0.8480577989172209,-0.3535741016281631,0.39469396290482645,0.4512575190745015,-0.8723363868442413,0.18813792724025788,,,,,,,,,,,-2.7465838428223575
137,7.732705116271973,direct,direct,direct,0,0,0,3,0,0,4,0,,,,,,,,0,0,-1,,,,,,,,0,,,,,,,,,,,,,,,,,,,,,,,,,,,,,,1,3,0.7064249172209998,1.015436801029014,-0.24478496289575163,-0.20762956226044593,0.12727173646564224,0.08302264415065545,0.9663328156131248,,,,,,,-0.8813837399451114,-0.3801456468332687,0.28044962141904206,0.4224113911813606,-0.8999944108675385,0.10760426110252257,,,,,,,,,,,-2.734393344191759
138,7.788418531417847,direct,direct,direct,0,0,0,3,0,0,4,0,,,,,,,,0,0,-1,,,,,,,,0,,,,,,,,,,,,,,,,,,,,,,,,,,,,,,1,3,0.678306882828427,0.95087824714883,-0.1719226804346925,-0.18290014463202864,0.017389876716776463,-0.01700914619521358,0.9828305134798514,,,,,,,-0.9324902585627166,-0.3601112600392564,0.02796065232745769,0.35892811221768667,-0.9325164520785854,-0.03979543771105427,,,,,,,,,,,-2.773054518121473
139,7.847417831420898,direct,direct,direct,0,0,0,3,0,0,5,0,,,,,,,,0,0,-1,,,,,,,,0,,,,,,,,,,,,,,,,,,,,,,,,,,,,,,1,4,0.6917406656445326,0.9968763939912078,-0.27290254230493843,-0.20442884173935122,0.10691184705189812,0.07144766076885226,0.9703988547992614,,,,,,,-0.8935574112501181,-0.3814778250629411,0.2367061929591966,0.41203223058428234,-0.9062081608715329,0.09495372625429235,,,,,,,,,,,-2.7380965942328213
140,7.913201808929443,direct,direct,direct,0,0,0,3,0,0,4,0,,,,,,,,0,0,-1,,,,,,,,0,,,,,,,,,,,,,,,,,,,,,,,,,,,,,,1,3,0.7034199170904203,1.0131098556453573,-0.2654234174575703,-0.20486801691885992,0.11387717939686554,0.11378152649274553,0.9654609509893856,,,,,,,-0.8901221673126961,-0.3696699022746567,0.26650833122211237,0.4214983794925115,-0.8901657197454295,0.17304365771472188,,,,,,,,,,,-2.7479645201028475
141,7.966601133346558,direct,direct,direct,0,0,0,3,0,0,5,0,,,,,,,,0,0,-1,,,,,,,,0,,,,,,,,,,,,,,,,,,,,,,,,,,,,,,1,4,0.6895400308963349,0.9938695209253152,-0.2809014480104274,-0.2025593848178407,0.10085988509424096,0.07280859110811513,0.9713371650780411,,,,,,,-0.8975939584019891,-0.37881998495175057,0.22543403656370115,0.40819384948390297,-0.9073372093661384,0.10058314840559056,,,,,,,,,,,-2.742232360140387
142,8.018640041351318,direct,direct,direct,0,0,0,3,0,0,4,0,,,,,,,,0,0,-1,,,,,,,,0,,,,,,,,,,,,,,,,,,,,,,,,,,,,,,1,3,0.7153789045784043,1.0294559123616505,-0.21045302325167972,-0.20308974858626458,0.13531573952176712,0.10327846273551908,0.9642498451085347,,,,,,,-0.8808884093136903,-0.3637081141114176,0.3029059558118865,0.4196089203583299,-0.896176226308312,0.1442100043530634,,,,,,,,,,,-2.7500256754038217
143,8.076578140258789,direct,direct,direct,0,0,0,3,0,0,4,0,,,,,,,,0,0,-1,,,,,,,,0,,,,,,,,,,,,,,,,,,,,,,,,,,,,,,1,3,0.7019150328089079,1.012721230770134,-0.25815671654440664,-0.20456009529213182,0.12521099431249738,0.08485990730968188,0.9670967740866174,,,,,,,-0.8849547486346994,-0.3744080297847201,0.276900198811088,0.41690960327076687,-0.9019079270909325,0.11290913936059133,,,,,,,,,,,-2.7413480691699488
144,8.12415361404419,direct,direct,direct,0,0,0,3,0,0,4,0,,,,,,,,0,0,-1,,,,,,,,0,,,,,,,,,,,,,,,,,,,,,,,,,,,,,,1,3,0.7156813468358119,1.0225163736098932,-0.2906677649300538,-0.20136931953661208,0.24705835080180188,0.14573109861009265,0.9365762197207183,,,,,,,-0.7968251368969114,-0.30518726235237864,0.5214694968136478,0.44920360188495534,-0.8764256880945142,0.17347661889038268,,,,,,,,,,,-2.7758232569694177
145,8.174338817596436,direct,direct,direct,0,0,0,3,0,0,5,0,,,,,,,,0,0,-1,,,,,,,,0,,,,,,,,,,,,,,,,,,,,,,,,,,,,,,1,4,0.6974150308576279,1.0013421537467293,-0.21577255398919903,-0.19627314362250112,0.11564385538137831,0.09696008382961206,0.9688663963358553,,,,,,,-0.8962067036101443,-0.35789923089376896,0.26214821176176,0.4027505825424007,-0.9041511904725912,0.14248716794417943,,,,,,,,,,,-2.7616476285581455
146,8.229074478149414,direct,direct,direct,0,0,0,3,0,0,4,0,,,,,,,,0,0,-1,,,,,,,,0,,,,,,,,,,,,,,,,,,,,,,,,,,,,,,1,3,0.7029790608453694,1.0191737206455354,-0.24170739609680691,-0.20663768582802342,0.11318268152942168,0.1039598280533942,0.9662726848817353,,,,,,,-0.8889810947948973,-0.3758037987447439,0.26169470370316256,0.42286960718642674,-0.8929864418934956,0.15413146957189372,,,,,,,,,,,-2.741641686198557
147,8.28447961807251,direct,direct,direct,0,0,0,3,0,0,4,0,,,,,,,,0,0,-1,,,,,,,,0,,,,,,,,,,,,,,,,,,,,,,,,,,,,,,1,3,0.7089386548695658,1.0195254731164538,-0.25091330814306845,-0.2051512454807364,0.136074811868889,0.09430853729859805,0.9646255811687497,,,,,,,-0.8787932241050985,-0.37012224585762277,0.30121751673545843,0.42145431173976994,-0.8980377325406038,0.12611302093475077,,,,,,,,,,,-2.742969644615958
148,8.334837675094604,direct,direct,direct,0,0,0,3,0,0,4,0,,,,,,,,0,0,-1,,,,,,,,0,,,,,,,,,,,,,,,,,,,,,,,,,,,,,,1,3,0.7225096443600802,1.0206313779969642,-0.27074596266580164,-0.19391540755719203,0.2447977301365685,0.12461830226152151,0.9417755384237627,,,,,,,-0.804941772063824,-0.3042370196674893,0.5094198459528201,0.4262621297758623,-0.8937341869067689,0.13978483420258295,,,,,,,,,,,-2.7802281092349337
149,8.395155191421509,direct,direct,direct,0,0,0,3,0,0,3,0,,,,,,,,0,0,-1,,,,,,,,0,,,,,,,,,,,,,,,,,,,,,,,,,,,,,,1,2,0.6536252615592577,0.938449045360678,-0.22746015401310976,-0.1877223097795926,0.02156085793345707,0.005082017035186268,0.981972319833427,,,,,,,-0.9285909276323764,-0.3684570787428894,0.044252347317400395,0.3688953693321337,-0.9294690150277376,0.0018858920107532727,,,,,,,,,,,-2.763855195952262
150,8.456968545913696,direct,direct,direct,0,0,0,3,0,0,4,0,,,,,,,,0,0,-1,,,,,,,,0,,,,,,,,,,,,,,,,,,,,,,,,,,,,,,1,3,0.6593622359492382,0.9450931631946045,-0.21371735399850406,-0.19233947799449605,0.024163563948437945,0.004487918662661521,0.9810206450264907,,,,,,,-0.9248432947642289,-0.37716110931323676,0.04913631804738696,0.3775948857516391,-0.9259707675817639,-0.0004897328301168973,,,,,,,,,,,-2.754370992610783
151,8.503133535385132,direct,direct,direct,0,0,0,3,0,0,4,0,,,,,,,,0,0,-1,,,,,,,,0,,,,,,,,,,,,,,,,,,,,,,,,,,,,,,1,3,0.7123094858933146,1.014516530774765,-0.2157136661240412,-0.205561929160121,0.1173524996197742,0.0766289034485914,0.9685559845818036,,,,,,,-0.8879453682259213,-0.3802112866548028,0.25882890206936654,0.416181660106061,-0.9037446088724719,0.1001923536269425,,,,,,,,,,,-2.737021288382413
152,8.550407409667969,direct,direct,direct,0,0,0,3,0,0,4,0,,,,,,,,0,0,-1,,,,,,,,0,,,,,,,,,,,,,,,,,,,,,,,,,,,,,,1,3,0.7049536759906074,1.0161330119900218,-0.2374238618587777,-0.20521542624857664,0.12097409057751907,0.08146313694126203,0.9677890552998863,,,,,,,-0.8865037964771146,-0.37750062919002464,0.2675897864134546,0.41692034481826906,-0.9025007722986083,0.1080267655584995,,,,,,,,,,,-2.739018513622955
153,8.594838619232178,direct,direct,direct,0,0,0,3,0,0,3,0,,,,,,,,0,0,-1,,,,,,,,0,,,,,,,,,,,,,,,,,,,,,,,,,,,,,,1,2,0.6519413314245113,0.9392244545444676,-0.22696801351242402,-0.19006680834611964,0.02974429005462438,0.0010016675596766658,0.9813199693455574,,,,,,,-0.9259797711485314,-0.3729731212987774,0.058758099121401904,0.3730922968605106,-0.9277472100544384,-0.009340891796494666,,,,,,,,,,,-2.758685530331349
154,8.645538091659546,direct,direct,direct,0,0,0,3,0,0,5,0,,,,,,,,0,0,-1,,,,,,,,0,,,,,,,,,,,,,,,,,,,,,,,,,,,,,,1,4,0.6929208926256607,0.9996081806387387,-0.25839498571583014,-0.20270486131240528,0.10096043668164628,0.067229059622168,0.9716985041501757,,,,,,,-0.8974354588507397,-0.3803610706081649,0.22346152501755837,0.407510971476767,-0.908781985485275,0.08972241070938122,,,,,,,,,,,-2.740712479231093
155,8.691459894180298,direct,direct,direct,0,0,0,3,0,0,4,0,,,,,,,,0,0,-1,,,,,,,,0,,,,,,,,,,,,,,,,,,,,,,,,,,,,,,1,3,0.7116508735128524,1.0285655369980522,-0.31128440381575084,-0.20914363235763608,0.18271451411680575,0.15635615002334446,0.9478539453550799,,,,,,,-0.8457486947506272,-0.33933815819077606,0.4117751324731771,0.4536123101135348,-0.8636233907882623,0.21997843302661702,,,,,,,,,,,-2.7600280015109604
156,8.738555669784546,direct,direct,direct,0,0,0,3,0,0,4,0,,,,,,,,0,0,-1,,,,,,,,0,,,,,,,,,,,,,,,,,,,,,,,,,,,,,,1,3,0.7041481504182665,1.0081038037558463,-0.2584422207077036,-0.20202320159409626,0.11517630399276403,0.08618382595800757,0.9687586867530414,,,,,,,-0.8918420900324752,-0.3715707938642851,0.2579783548935285,0.41127613201548147,-0.9035179483218222,0.12044608874807795,,,,,,,,,,,-2.746830269954331
157,8.781829357147217,direct,direct,direct,0,0,0,3,0,0,3,0,,,,,,,,0,0,-1,,,,,,,,0,,,,,,,,,,,,,,,,,,,,,,,,,,,,,,1,2,0.6693217468409021,0.9558463182691684,-0.2098867662604434,-0.19127900854727792,0.056282510932931434,0.02634340049682873,0.9795665598123073,,,,,,,-0.9204892397045099,-0.37177569528098525,0.12034281028193498,0.37770638618687863,-0.9254367322788682,0.030078902617267797,,,,,,,,,,,-2.7577379902492427
158,8.835652112960815,direct,direct,direct,0,0,0,3,0,0,5,0,,,,,,,,0,0,-1,,,,,,,,0,,,,,,,,,,,,,,,,,,,,,,,,,,,,,,1,4,0.6936044406581974,0.999213776980181,-0.2703199662623383,-0.20308440566333963,0.10770767245055912,0.07395692154988177,0.9704051500412164,,,,,,,-0.8943115629433025,-0.37821685053403586,0.2390791550052461,0.41007976206102154,-0.9065741958624655,0.09978885781639206,,,,,,,,,,,-2.7414902211031404
159,8.891528367996216,direct,direct,direct,0,0,0,3,0,0,4,0,,,,,,,,0,0,-1,,,,,,,,0,,,,,,,,,,,,,,,,,,,,,,,,,,,,,,1,3,0.7202253879840526,1.0206491637332102,-0.2781367327762915,-0.19444731021957246,0.24815943803588633,0.1253020860969731,0.9406947029094154,,,,,,,-0.8012142737241728,-0.30364131889597296,0.5156138448875864,0.4280208999781693,-0.8929792615362397,0.13923414684648655,,,,,,,,,,,-2.7793403705826076
160,8.955493450164795,direct,direct,direct,0,0,0,3,0,0,5,0,,,,,,,,0,0,-1,,,,,,,,0,,,,,,,,,,,,,,,,,,,,,,,,,,,,,,1,4,0.716504202470299,1.0022448156727566,-0.19286954086293706,-0.20650366645719723,0.10297694683185357,0.039484987473770584,0.9722103269998321,,,,,,,-0.8935039683218485,-0.3933979072745461,0.21653809167238167,0.40966208109751784,-0.911594343007862,0.03424519100422622,,,,,,,,,,,-2.726845612647647
161,9.012547492980957,direct,direct,direct,0,0,0,3,0,0,4,0,,,,,,,,0,0,-1,,,,,,,,0,,,,,,,,,,,,,,,,,,,,,,,,,,,,,,1,3,0.700806007298763,1.0100558362950682,-0.26185366403535554,-0.20354480807147815,0.12051200981842858,0.08425690920615779,0.9679602986939565,,,,,,,-0.8880927331933366,-0.3737386474978983,0.26760179486623703,0.4143545253759898,-0.902940568716341,0.11405549818684388,,,,,,,,,,,-2.7432568583679418
162,9.063761234283447,direct,direct,direct,0,0,0,3,0,0,4,0,,,,,,,,0,0,-1,,,,,,,,0,,,,,,,,,,,,,,,,,,,,,,,,,,,,,,1,3,0.7033515155285948,1.0146755299675017,-0.2507446632262684,-0.2043755850780601,0.12426544433543124,0.0847257482680269,0.9672694904464534,,,,,,,-0.885577439136237,-0.3743155705659451,0.2750280947917782,0.41642950158665853,-0.9021043356088473,0.1131116169277399,,,,,,,,,,,-2.741688995748817
163,9.116425514221191,direct,direct,direct,0,0,0,3,0,0,4,0,,,,,,,,0,0,-1,,,,,,,,0,,,,,,,,,,,,,,,,,,,,,,,,,,,,,,1,3,0.7054393623085802,1.0139061465866486,-0.24791357706078904,-0.20305933188212114,0.1225927294714735,0.08521269941212593,0.9677172760032857,,,,,,,-0.8874758608326412,-0.3721151322188974,0.2718766720648807,0.41390096184515635,-0.9030114071889708,0.11513640723181248,,,,,,,,,,,-2.7445631969153004
164,9.172021865844727,direct,direct,direct,0,0,0,3,0,0,4,0,,,,,,,,0,0,-1,,,,,,,,0,,,,,,,,,,,,,,,,,,,,,,,,,,,,,,1,3,0.7115942961059568,1.0189346349735109,-0.21640807837861215,-0.2052405546755362,0.1202569147010588,0.07778215141204865,0.9681758756056534,,,,,,,-0.8868291783661212,-0.37871022437030727,0.2647877911759948,0.4161255905608018,-0.903652503276383,0.1012504133460755,,,,,,,,,,,-2.737996624862746
165,9.220512390136719,direct,direct,direct,0,0,0,3,0,0,4,0,,,,,,,,0,0,-1,,,,,,,,0,,,,,,,,,,,,,,,,,,,,,,,,,,,,,,1,3,0.7036019337418586,1.0100840213683286,-0.24031991832485766,-0.2028175291720782,0.11269107462194428,0.0782307771933554,0.9695595479705247,,,,,,,-0.8923315431221699,-0.37565552310829986,0.2502545606126655,0.410919164510016,-0.9054899907205142,0.10598734331680695,,,,,,,,,,,-2.743130199571878
