frame_idx,t_sec,cam1_origin_source,cam2_origin_source,cam3_origin_source,cam1_origin_held_frames,cam2_origin_held_frames,cam3_origin_held_frames,n_direct_cams,n_anchor_cams,n_held_cams,n_total_tags,head_visible,head_pos_x,head_pos_y,head_pos_z,head_quat_w,head_quat_x,head_quat_y,head_quat_z,head_n_cams,pelvis_visible,pelvis_used_id,pelvis_pos_x,pelvis_pos_y,pelvis_pos_z,pelvis_quat_w,pelvis_quat_x,pelvis_quat_y,pelvis_quat_z,pelvis_n_cams,pelvis_link_pos_x,pelvis_link_pos_y,pelvis_link_pos_z,pelvis_link_quat_w,pelvis_link_quat_x,pelvis_link_quat_y,pelvis_link_quat_z,torso_link_n_tags,torso_link_tags_used,torso_link_pos_x,torso_link_pos_y,torso_link_pos_z,torso_link_quat_w,torso_link_quat_x,torso_link_quat_y,torso_link_quat_z,torso_link_residual_max_pos_m,torso_link_residual_max_rot_deg,root_pos_x,root_pos_y,root_pos_z,root_quat_w,root_quat_x,root_quat_y,root_quat_z,torso_head_pos_x,torso_head_pos_y,torso_head_pos_z,torso_head_quat_w,torso_head_quat_x,torso_head_quat_y,torso_head_quat_z,torso_pelvis_pos_x,torso_pelvis_pos_y,torso_pelvis_pos_z,torso_pelvis_quat_w,torso_pelvis_quat_x,torso_pelvis_quat_y,torso_pelvis_quat_z,torso_pos_x,torso_pos_y,torso_pos_z,torso_quat_w,torso_quat_x,torso_quat_y,torso_quat_z,torso_path,box_visible,box_n_tags,obj_pos_x,obj_pos_y,obj_pos_z,obj_quat_w,obj_quat_x,obj_quat_y,obj_quat_z,torso_rot6d_0,torso_rot6d_1,torso_rot6d_2,torso_rot6d_3,torso_rot6d_4,torso_rot6d_5,obj_rot6d_0,obj_rot6d_1,obj_rot6d_2,obj_rot6d_3,obj_rot6d_4,obj_rot6d_5,obj_in_torso_pos_x,obj_in_torso_pos_y,obj_in_torso_pos_z,obj_in_torso_rot6d_0,obj_in_torso_rot6d_1,obj_in_torso_rot6d_2,obj_in_torso_rot6d_3,obj_in_torso_rot6d_4,obj_in_torso_rot6d_5,torso_yaw_rad,obj_yaw_rad
1,0.7034900188446045,direct,direct,direct,0,0,0,3,0,0,0,0,,,,,,,,0,0,-1,,,,,,,,0,,,,,,,,0,,,,,,,,,0.0,0.0,,,,,,,,,,,,,,,,,,,,,,,,,,,,,,0,0,,,,,,,,,,,,,,,,,,,,,,,,,,,,,,
2,0.901158332824707,direct,direct,direct,0,0,0,3,0,0,3,0,,,,,,,,0,1,8,-0.39943042605292023,0.9516208334063527,-0.742201414128379,0.5645470788570293,0.24912943937348586,-0.3510907347762715,-0.7042417299093442,1,-0.48275312685571226,0.9723480654593532,-0.7369374439204971,-0.018866677824764616,0.9345044914580654,-0.12082797322755044,-0.3342843173083081,2,12|pelvis_fk,-0.4909707644466643,0.9724839434630805,-0.7968334884548862,-0.007253694820799453,0.9591754952455768,-0.11005088472927077,-0.2604199608366344,0.10900676709046966,27.56350043469974,-0.4304414834034706,0.957423022577178,-0.7809912184953366,0.5645470788570293,0.24912943937348586,-0.3510907347762715,-0.7042417299093442,,,,,,,,-0.554485712805672,0.9806317792604793,-0.9361504359631667,0.5645470788570293,0.24912943937348586,-0.3510907347762715,-0.7042417299093442,-0.554485712805672,0.9806317792604793,-0.9361504359631667,0.5645470788570293,0.24912943937348586,-0.3510907347762715,-0.7042417299093442,pelvis,0,0,,,,,,,,-0.23844223638289583,-0.9700892987071573,0.04551980275196675,0.6202211470110072,-0.11604378341650602,0.7757960873391503,,,,,,,,,,,,,,,,-1.8118126052425538,
3,1.0777907371520996,direct,direct,direct,0,0,0,3,0,0,3,0,,,,,,,,0,1,8,-0.4166097385226266,0.9558227034064505,-0.7355011710855442,-0.49925365565317226,-0.32111569011405966,0.47944048806398837,0.6463492239374001,1,-0.49605151457191204,0.9788504567076621,-0.7591385735662255,0.005614614832850608,0.9730795288843103,-0.15271018311707818,-0.17252335070626232,2,12|pelvis_fk,-0.4927179252314357,0.9751438174613987,-0.8202548068643112,0.011257764227643728,0.9815279161261609,-0.13305638179258195,-0.1370117216660591,0.09309522545287668,14.418326853053262,-0.4334833734912315,0.9579109639786413,-0.7825215880416805,-0.49925365565317226,-0.32111569011405966,0.47944048806398837,0.6463492239374001,,,,,,,,-0.500977913365651,0.9662640062674045,-0.9706032558662255,-0.49925365565317226,-0.32111569011405966,0.47944048806398837,0.6463492239374001,-0.500977913365651,0.9662640062674045,-0.9706032558662255,-0.49925365565317226,-0.32111569011405966,0.47944048806398837,0.6463492239374001,pelvis,0,0,,,,,,,,-0.2952610017590292,-0.9532961521452535,0.06361907846948461,0.33747269937209745,-0.0417652114438161,0.940408339122725,,,,,,,,,,,,,,,,-1.8711523809822903,
4,1.2542531490325928,direct,direct,direct,0,0,0,3,0,0,3,0,,,,,,,,0,1,8,-0.39170040116411675,0.9500263832241391,-0.7477168677600813,0.5639940743429417,0.2397290493153383,-0.3474013095571029,-0.7097555897197447,1,-0.47465336106943795,0.9717396807766804,-0.740836522395132,-0.019044627567519134,0.9304400114675638,-0.1267168878092838,-0.3433096525951225,2,12|pelvis_fk,-0.48579376925683837,0.9724379228345598,-0.7992178580998635,-0.0073543477684344955,0.9567033301218582,-0.11447390334846391,-0.2675077141968327,0.10249392134480917,28.453645441589835,-0.4234019772803856,0.956148684646545,-0.7858944462196644,0.5639940743429417,0.2397290493153383,-0.3474013095571029,-0.7097555897197447,,,,,,,,-0.5502082817454609,0.9806378903361683,-0.9386047600579968,0.5639940743429417,0.2397290493153383,-0.3474013095571029,-0.7097555897197447,-0.5502082817454609,0.9806378903361683,-0.9386047600579968,0.5639940743429417,0.2397290493153383,-0.3474013095571029,-0.7097555897197447,pelvis,0,0,,,,,,,,-0.24888133404082494,-0.9671602650094879,0.051566494478844795,0.6340315223253764,-0.12244602844811674,0.7635515691916618,,,,,,,,,,,,,,,,-1.8226637496538105,
5,1.4227631092071533,direct,direct,direct,0,0,0,3,0,0,3,0,,,,,,,,0,1,8,-0.4181056034378545,0.9567929810194227,-0.7332319624943389,0.5033301226981941,0.31737868250997214,-0.47344582946036246,-0.6494448444936988,1,-0.4979866869207448,0.9797260626978193,-0.7554375083406246,0.0049762125774429605,0.9717997395811138,-0.15109093437294754,-0.1809752276107791,2,12|pelvis_fk,-0.4947849507629842,0.9756455952718235,-0.8185115404658536,0.011187194477988214,0.9807814386580461,-0.13209204980338551,-0.14315832718464214,0.09929087420478838,15.065214278450707,-0.43576795740492974,0.9590437644345436,-0.7799542829242999,0.5033301226981941,0.31737868250997214,-0.47344582946036246,-0.6494448444936988,,,,,,,,-0.5064173732732306,0.9680468980950276,-0.9668435646441442,0.5033301226981941,0.31737868250997214,-0.47344582946036246,-0.6494448444936988,-0.5064173732732306,0.9680468980950276,-0.9668435646441442,0.5033301226981941,0.31737868250997214,-0.47344582946036246,-0.6494448444936988,pelvis,0,0,,,,,,,,-0.29185911894571037,-0.9542935337173877,0.06435919664985751,0.3532470793415043,-0.04501566830242019,0.9344464085992217,,,,,,,,,,,,,,,,-1.8676003391499547,
6,1.583439588546753,direct,direct,direct,0,0,0,3,0,0,3,0,,,,,,,,0,1,8,-0.3988256649995452,0.9499647483704581,-0.7431960986043226,0.5643999548374384,0.24496585738132348,-0.3491425981994915,-0.7067841720210203,1,-0.4819909269121267,0.9711113261486733,-0.7371660522295735,-0.01910373818270679,0.9326462912196368,-0.1232804790008748,-0.33853783563882206,2,12|pelvis_fk,-0.49145064907769026,0.9717157143237874,-0.7971458129656281,-0.007317797024975782,0.9580216640056552,-0.11176924044804054,-0.26391017038417636,0.10795857469029996,27.936647011859133,-0.4301637588847651,0.9559199620806587,-0.7816988167071655,0.5643999548374384,0.24496585738132348,-0.3491425981994915,-0.7067841720210203,,,,,,,,-0.5555161344256447,0.979740816921461,-0.935709689118537,0.5643999548374384,0.24496585738132348,-0.3491425981994915,-0.7067841720210203,-0.5555161344256447,0.979740816921461,-0.935709689118537,0.5643999548374384,0.24496585738132348,-0.3491425981994915,-0.7067841720210203,pelvis,0,0,,,,,,,,-0.242888839393861,-0.9688739413695233,0.04783615194588201,0.6267618777043981,-0.11910427420401183,0.7700543620568575,,,,,,,,,,,,,,,,-1.8164260742871834,
7,1.7429046630859375,direct,direct,direct,0,0,0,3,0,0,3,0,,,,,,,,0,1,8,-0.39599330129266797,0.9503228352525961,-0.7441856173117299,-0.4838751465947868,-0.3970400666438993,0.5150275539254201,0.585636958093391,1,-0.4713244125578617,0.9657141703120812,-0.7827645037735973,0.00811283789145848,0.9907898626287485,-0.10987464939006249,-0.07872224205942921,2,12|pelvis_fk,-0.4679112377735669,0.9640974117480366,-0.8397366925454781,0.013034100274975632,0.9925484893799233,-0.10125614869648085,-0.06651917626376896,0.060621643320162774,5.442917637200964,-0.40388216075414507,0.9503839813731433,-0.7935593163583783,-0.4838751465947868,-0.3970400666438993,0.5150275539254201,0.585636958093391,,,,,,,,-0.4354375986000536,0.9506285658553321,-0.9910541125449717,-0.4838751465947868,-0.3970400666438993,0.5150275539254201,0.585636958093391,-0.4354375986000536,0.9506285658553321,-0.9910541125449717,-0.4838751465947868,-0.3970400666438993,0.5150275539254201,0.585636958093391,pelvis,0,0,,,,,,,,-0.21644805597456307,-0.9757234865655153,0.03337539257097357,0.15777718922954256,-0.0012229224109437619,0.9874739809329667,,,,,,,,,,,,,,,,-1.7890947150169225,
8,1.8964197635650635,direct,direct,direct,0,0,0,3,0,0,3,0,,,,,,,,0,1,8,-0.39424174787012745,0.9506846596837684,-0.7449622579282622,0.5645785978036889,0.24243938839552254,-0.34835429764986214,-0.7079007226760662,1,-0.47732432320456963,0.9720360723789867,-0.7385277531520414,-0.01870360780901896,0.9316365032625699,-0.12461851706335857,-0.34084281721718507,2,12|pelvis_fk,-0.4879007953957686,0.9727540431038879,-0.796875634717818,-0.007337565238898961,0.9572542356026555,-0.11338693686567804,-0.2659960358827915,0.1026842981238244,28.00027636588509,-0.4257628273226761,0.9566746887048575,-0.7833098928289001,0.5645785978036889,0.24243938839552254,-0.34835429764986214,-0.7079007226760662,,,,,,,,-0.5518471451328709,0.9806348047892143,-0.9367004324314516,0.5645785978036889,0.24243938839552254,-0.34835429764986214,-0.7079007226760662,-0.5518471451328709,0.9806348047892143,-0.9367004324314516,0.5645785978036889,0.24243938839552254,-0.34835429764986214,-0.7079007226760662,pelvis,0,0,,,,,,,,-0.24494829971285131,-0.9682408005197115,0.050100725311427986,0.6304215890509738,-0.11980058042178365,0.7669526980127578,,,,,,,,,,,,,,,,-1.8185803848458457,
9,2.0523056983947754,direct,direct,direct,0,0,0,3,0,0,3,0,,,,,,,,0,1,8,-0.40142081221526804,0.9522030034782687,-0.7413629684429159,0.5627456201687577,0.2543615586549856,-0.35618788962423603,-0.701247282878529,1,-0.48485703898752114,0.9727766500457778,-0.7374743788625688,-0.018337665870260453,0.9372711756632541,-0.12016399683951087,-0.3267217273840327,2,12|pelvis_fk,-0.49244754734062224,0.9730159993489668,-0.7973921748136692,-0.00690535479700811,0.9607511534421589,-0.10957382845682759,-0.25476089447166467,0.10804339307377055,26.79118759899017,-0.4318231452468964,0.9578477589048601,-0.7806546327294784,0.5627456201687577,0.2543615586549856,-0.35618788962423603,-0.701247282878529,,,,,,,,-0.5534324773734098,0.9804267806112255,-0.9378212898757283,0.5627456201687577,0.2543615586549856,-0.35618788962423603,-0.701247282878529,-0.5534324773734098,0.9804267806112255,-0.9378212898757283,0.5627456201687577,0.2543615586549856,-0.35618788962423603,-0.701247282878529,pelvis,0,0,,,,,,,,-0.23723512891897336,-0.9704486877479692,0.044145645935271,0.6080466606325672,-0.11289510853182678,0.7858332857312492,,,,,,,,,,,,,,,,-1.810553377740333,
10,2.222670793533325,direct,direct,direct,0,0,0,3,0,0,3,0,,,,,,,,0,1,8,-0.4181780242609512,0.9559270696297236,-0.7339998223858559,-0.493914944439997,-0.331415287233961,0.490261753777723,0.6370677733406841,1,-0.49685515448898543,0.9783056737652426,-0.7606288902633969,0.007846818821537269,0.9763298793961825,-0.15099964772222443,-0.15465283838449848,2,12|pelvis_fk,-0.4923285108633103,0.9739289613685066,-0.8228386704736304,0.013277521277698701,0.9834733836358668,-0.13192856132008296,-0.12328286911226795,0.09369716863385699,13.017905594656263,-0.4333957296535519,0.9574962136738863,-0.781601915087256,-0.493914944439997,-0.331415287233961,0.490261753777723,0.6370677733406841,,,,,,,,-0.4942665512239547,0.9637727898505367,-0.9720102858928561,-0.493914944439997,-0.331415287233961,0.490261753777723,0.6370677733406841,-0.4942665512239547,0.9637727898505367,-0.9720102858928561,-0.493914944439997,-0.331415287233961,0.490261753777723,0.6370677733406841,pelvis,0,0,,,,,,,,-0.2924238700929314,-0.9542750676442924,0.062027215577953224,0.304354107852014,-0.031382880883252515,0.9520418540280006,,,,,,,,,,,,,,,,-1.8681468502128444,
11,2.3862340450286865,direct,direct,direct,0,0,0,3,0,0,3,0,,,,,,,,0,1,8,-0.3977806290027268,0.9508541541184332,-0.7460878541951048,0.5631866456019229,0.24700779673867013,-0.3552786426349201,-0.7039780086433459,1,-0.48100874499609264,0.9720535031909492,-0.7412228457576548,-0.01626025857258648,0.9347255468094294,-0.12453110446883656,-0.33243910743583927,2,12|pelvis_fk,-0.4897592087751265,0.9724009042216041,-0.8001145217255827,-0.005247945449190602,0.9592449426790609,-0.112780084484335,-0.25904102292284503,0.10502174476596528,27.412546306749704,-0.42865207085470786,0.9565139429487475,-0.7850098385789464,0.5631866456019229,0.24700779673867013,-0.3552786426349201,-0.7039780086433459,,,,,,,,-0.5521378382626321,0.9791530982700046,-0.9406977761143125,0.5631866456019229,0.24700779673867013,-0.3552786426349201,-0.7039780086433459,-0.5521378382626321,0.9791530982700046,-0.9406977761143125,0.5631866456019229,0.24700779673867013,-0.3552786426349201,-0.7039780086433459,pelvis,0,0,,,,,,,,-0.24361590113192413,-0.968455216021849,0.05240026026419138,0.6174288370396209,-0.11319577660628583,0.7784396876768305,,,,,,,,,,,,,,,,-1.817234243477712,
12,2.5573010444641113,direct,direct,direct,0,0,0,3,0,0,3,0,,,,,,,,0,1,8,-0.3939023037244975,0.951557321932105,-0.742664341224762,0.5648878751450704,0.24282947740696634,-0.34750157392710634,-0.7079393967950439,1,-0.47700369644879054,0.9728091641916106,-0.7361437792965292,-0.019189712564916576,0.9315791616370936,-0.12386180908505658,-0.34124811030302094,2,12|pelvis_fk,-0.4871244108067501,0.9728846247368645,-0.7962819251243378,-0.007385293216590038,0.9574043494912917,-0.11251930112684247,-0.2658228280136765,0.10820452732247796,28.24076018438939,-0.42545457932371933,0.9575717563953321,-0.7809824894393913,0.5648878751450704,0.24282947740696634,-0.34750157392710634,-0.7079393967950439,,,,,,,,-0.5516636817206065,0.9816294942482405,-0.9342550822979085,0.5648878751450704,0.24282947740696634,-0.34750157392710634,-0.7079393967950439,-0.5516636817206065,0.9816294942482405,-0.9342550822979085,0.5648878751450704,0.24282947740696634,-0.34750157392710634,-0.7079393967950439,pelvis,0,0,,,,,,,,-0.24387106683269336,-0.9685800143637066,0.04878174389141483,0.6310455119844358,-0.12028868926454198,0.7663629642925864,,,,,,,,,,,,,,,,-1.8174515139805103,
13,2.707442283630371,direct,direct,direct,0,0,0,3,0,0,3,0,,,,,,,,0,1,8,-0.41731181916516547,0.9568848135912884,-0.7349951012353677,0.5079030531489647,0.303740755672033,-0.460579115725591,-0.6615458563872764,1,-0.49780378716457835,0.980934219039753,-0.7535064270970356,0.0015977784076230909,0.9668843904669326,-0.15524058164593477,-0.20256451906930834,2,12|pelvis_fk,-0.49570968719173547,0.977010333893356,-0.8154396598334335,0.008523213701922433,0.9779354548566376,-0.13467384552067432,-0.15947587997940751,0.1001950419069237,17.072850010387807,-0.43692227032515507,0.9598749502672277,-0.7808916075072057,0.5079030531489647,0.303740755672033,-0.460579115725591,-0.6615458563872764,,,,,,,,-0.5153640749651136,0.9718354969709847,-0.9644776325945575,0.5079030531489647,0.303740755672033,-0.460579115725591,-0.6615458563872764,-0.5153640749651136,0.9718354969709847,-0.9644776325945575,0.5079030531489647,0.303740755672033,-0.460579115725591,-0.6615458563872764,pelvis,0,0,,,,,,,,-0.2995520838914847,-0.9517956178287842,0.0659822015258085,0.3922090231997924,-0.059802733518784984,0.9179301254367593,,,,,,,,,,,,,,,,-1.875705242430871,
14,2.8708653450012207,direct,direct,direct,0,0,0,3,0,0,3,0,,,,,,,,0,1,8,-0.39591113894542596,0.9512405128200565,-0.7435627862294146,0.5653435904946083,0.247748215709342,-0.3479216084800259,-0.705661392349173,1,-0.47919858200482435,0.9719375080444779,-0.7376605648418565,-0.020072204541940242,0.9333374035165748,-0.12024559731262399,-0.33766757932720665,2,12|pelvis_fk,-0.4893553550365792,0.972174868364209,-0.797746306538785,-0.00801684062219752,0.9584837446659312,-0.10945465941474788,-0.2631811524596963,0.10695258720964448,27.843748694501826,-0.4271855576970715,0.9571742307239901,-0.7821205574770277,0.5653435904946083,0.247748215709342,-0.3479216084800259,-0.705661392349173,,,,,,,,-0.5522832327036536,0.9809091023397245,-0.9363516424674801,0.5653435904946083,0.247748215709342,-0.3479216084800259,-0.705661392349173,-0.5522832327036536,0.9809091023397245,-0.9363516424674801,0.5653435904946083,0.247748215709342,-0.3479216084800259,-0.705661392349173,pelvis,0,0,,,,,,,,-0.23801489259900324,-0.9702762058635146,0.04373780099855962,0.6254883750329105,-0.11867435807867203,0.7711554249522621,,,,,,,,,,,,,,,,-1.8113525603825704,
15,3.0239417552948,direct,direct,direct,0,0,0,3,0,0,3,0,,,,,,,,0,1,8,-0.39687924805350794,0.950611565779545,-0.7448688844466452,0.5622470933571984,0.24338392395960295,-0.35428471670212663,-0.7064876581234113,1,-0.4799386515167479,0.972331442971203,-0.7394483280997362,-0.01666988601184462,0.9332016960711695,-0.1275706787543685,-0.3355330554094402,2,12|pelvis_fk,-0.4894140704514852,0.97238316184413,-0.7989687953033483,-0.005430427676879395,0.9582968858704964,-0.11510242941576099,-0.26151294371167294,0.10622035533964817,27.72948843817969,-0.42797859082578216,0.9564476203318125,-0.7835828528094411,0.5622470933571984,0.24338392395960295,-0.35428471670212663,-0.7064876581234113,,,,,,,,-0.5523759619148791,0.9797918385408829,-0.9384387262606242,0.5622470933571984,0.24338392395960295,-0.35428471670212663,-0.7064876581234113,-0.5523759619148791,0.9797918385408829,-0.9384387262606242,0.5622470933571984,0.24338392395960295,-0.35428471670212663,-0.7064876581234113,pelvis,0,0,,,,,,,,-0.24928494313881655,-0.9668956736450032,0.05449562744708594,0.6219868554454847,-0.1167210910453518,0.7742793672559158,,,,,,,,,,,,,,,,-1.823121243798281,
16,3.179767370223999,direct,direct,direct,0,0,0,3,0,0,3,0,,,,,,,,0,1,8,-0.39435687445210377,0.9504545284734451,-0.7433647348727318,0.5656238116325754,0.24491846720308466,-0.3473476098395822,-0.7067066478220352,1,-0.4775602031359676,0.9713682233615574,-0.7370541515358392,-0.01932684677648152,0.9322982682486386,-0.12175598941297884,-0.3400321912059719,2,12|pelvis_fk,-0.48785623232680386,0.9719980517934615,-0.796994333122778,-0.007640343401101775,0.9577817898144895,-0.11099550365909548,-0.26509557978195375,0.10681572320771833,28.00821003622652,-0.42582270081796514,0.9563964626387418,-0.7817651930664662,0.5656238116325754,0.24491846720308466,-0.3473476098395822,-0.7067066478220352,,,,,,,,-0.5516860062814106,0.9801641992999286,-0.9353670258414037,0.5656238116325754,0.24491846720308466,-0.3473476098395822,-0.7067066478220352,-0.5516860062814106,0.9801641992999286,-0.9353670258414037,0.5656238116325754,0.24491846720308466,-0.3473476098395822,-0.7067066478220352,pelvis,0,0,,,,,,,,-0.24016929627425732,-0.9696039040714889,0.04676514018425179,0.6293165273172276,-0.11883868330593378,0.7680091638746874,,,,,,,,,,,,,,,,-1.8136075695126659,
17,3.359797954559326,direct,direct,direct,0,0,0,3,0,0,3,0,,,,,,,,0,1,8,-0.3986593124771127,0.9516351603563143,-0.7427323787464124,0.5647993126161382,0.24987016084351976,-0.3504585538730195,-0.7040919266726492,1,-0.48201130643611173,0.9722412102707438,-0.7374564134335021,-0.01935211051350578,0.9346099770026634,-0.11994050354300545,-0.33428126228612415,2,12|pelvis_fk,-0.4912947275051962,0.9725596212204849,-0.7972413026863254,-0.007523428104562613,0.9591785043880936,-0.10924973231993605,-0.2607383568587441,0.10675289752378354,27.453929307115057,-0.4296694625749173,0.9574532142048713,-0.7815205320967192,0.5647993126161382,0.24987016084351976,-0.3504585538730195,-0.7040919266726492,,,,,,,,-0.5537100629661356,0.9807254295990993,-0.9366731454979467,0.5647993126161382,0.24987016084351976,-0.3504585538730195,-0.7040919266726492,-0.5537100629661356,0.9807254295990993,-0.9366731454979467,0.5647993126161382,0.24987016084351976,-0.3504585538730195,-0.7040919266726492,pelvis,0,0,,,,,,,,-0.23713327837674297,-0.9704795428570465,0.044014374723217065,0.6202030019560916,-0.11636107697113958,0.775763067006137,,,,,,,,,,,,,,,,-1.810447010422107,
18,3.5181922912597656,direct,direct,direct,0,0,0,3,0,0,3,0,,,,,,,,0,1,8,-0.39507159588809326,0.9509054174242431,-0.7454503904677838,0.564046332057612,0.2407399651497629,-0.3496950621602415,-0.7082438619379557,1,-0.4780858282038721,0.9725252514839172,-0.7390301094572632,-0.0176212164349325,0.931362610652786,-0.12657631344541123,-0.3409275833427816,2,12|pelvis_fk,-0.4879547944190383,0.9728563987136536,-0.7984219228727399,-0.006286842661937339,0.9571785117096606,-0.11464374673327155,-0.26575662487618396,0.10660330600641178,28.162624125574414,-0.4266012734331853,0.9568619273035529,-0.7837961780325242,0.564046332057612,0.2407399651497629,-0.3496950621602415,-0.7082438619379557,,,,,,,,-0.5527199836135537,0.9806879668207925,-0.9371793282914859,0.564046332057612,0.2407399651497629,-0.3496950621602415,-0.7082438619379557,-0.5527199836135537,0.9806879668207925,-0.9371793282914859,0.564046332057612,0.2407399651497629,-0.3496950621602415,-0.7082438619379557,pelvis,0,0,,,,,,,,-0.24779200894409018,-0.9673358592118445,0.05348322901933197,0.6305935509018417,-0.11913019758619799,0.7669157512948082,,,,,,,,,,,,,,,,-1.821563458798026,
19,3.674790382385254,direct,direct,direct,0,0,0,3,0,0,3,0,,,,,,,,0,1,8,-0.41499137250284335,0.9564942293543806,-0.7360055284022884,0.5005509973014569,0.32007920210792346,-0.4785569548388044,-0.6465146900526566,1,-0.49454204636508353,0.9794223626119141,-0.75937197856889,0.006257029989840456,0.9728509221504207,-0.1522207227410403,-0.1742147652036927,2,12|pelvis_fk,-0.4918022424518891,0.9758559570587123,-0.820802649969302,0.01166266817902512,0.9813239327834112,-0.13323788394707986,-0.13825696148385958,0.09282411184667352,14.433864224003202,-0.43203511696363306,0.9585374233619733,-0.7829665349183612,0.5005509973014569,0.32007920210792346,-0.4785569548388044,-0.6465146900526566,,,,,,,,-0.5002100948067919,0.9667101993923444,-0.9708105609826525,0.5005509973014569,0.32007920210792346,-0.4785569548388044,-0.6465146900526566,-0.5002100948067919,0.9667101993923444,-0.9708105609826525,0.5005509973014569,0.32007920210792346,-0.4785569548388044,-0.6465146900526566,pelvis,0,0,,,,,,,,-0.29399600695694406,-0.9535794022878034,0.06521250973401183,0.3408748892157944,-0.04086388015185533,0.9392201303214566,,,,,,,,,,,,,,,,-1.8698574592538053,
20,3.8568334579467773,direct,direct,direct,0,0,0,3,0,0,3,0,,,,,,,,0,1,8,-0.3979654645815418,0.951483202353087,-0.7448581919759053,0.5636447462929401,0.25213549449162287,-0.3546738447009819,-0.7020959736950894,1,-0.4813668198175136,0.9721003411513738,-0.7404824026099261,-0.017956438596395174,0.9362750295903173,-0.120494788805754,-0.32946569039771234,2,12|pelvis_fk,-0.4907489118926826,0.9717574600376917,-0.801540272262062,-0.0061699977301049366,0.9602720841198054,-0.10963974619790275,-0.256551323601878,0.10858765157758417,27.191262364971482,-0.4285961487565154,0.9571343087392261,-0.7839711844922745,0.5636447462929401,0.25213549449162287,-0.3546738447009819,-0.7020959736950894,,,,,,,,-0.5511188854564099,0.9797387342837824,-0.9404231545577515,0.5636447462929401,0.25213549449162287,-0.3546738447009819,-0.7020959736950894,-0.5511188854564099,0.9797387342837824,-0.9404231545577515,0.5636447462929401,0.25213549449162287,-0.3546738447009819,-0.7020959736950894,pelvis,0,0,,,,,,,,-0.2374645847876637,-0.9703171443671814,0.04577346741007547,0.6126136834994723,-0.11302212772278188,0.7822598503273847,,,,,,,,,,,,,,,,-1.810807773996704,
21,4.018630027770996,direct,direct,direct,0,0,0,3,0,0,3,0,,,,,,,,0,1,8,-0.41516226784557064,0.9565931235733611,-0.7344291684431399,-0.49602975277310996,-0.32156611336744767,0.4831415236272418,0.6458513662172968,1,-0.4942893307842924,0.980000374300054,-0.7587398353222963,0.005876898407803645,0.973294377992548,-0.15569851185199055,-0.16858674099785856,2,12|pelvis_fk,-0.4914879323178631,0.9752503561065003,-0.8213767587164844,0.012002685912946603,0.9816924878214006,-0.13502296330344774,-0.13380805008167515,0.09492201170152696,14.39563626223415,-0.4316622230009408,0.9586459988244607,-0.7815835657256224,-0.49602975277310996,-0.32156611336744767,0.4831415236272418,0.6458513662172968,,,,,,,,-0.4976620436224216,0.9668574998288586,-0.9702011548555525,-0.49602975277310996,-0.32156611336744767,0.4831415236272418,0.6458513662172968,-0.4976620436224216,0.9668574998288586,-0.9702011548555525,-0.49602975277310996,-0.32156611336744767,0.4831415236272418,0.6458513662172968,pelvis,0,0,,,,,,,,-0.3010994381952029,-0.9514468709443602,0.06393731374338435,0.3299991031074038,-0.04105750502198977,0.9430879456496506,,,,,,,,,,,,,,,,-1.8772891614357776,
22,4.193082809448242,direct,direct,direct,0,0,0,3,0,0,3,0,,,,,,,,0,1,8,-0.40726010625977316,0.9535015780886443,-0.7384431433400349,0.5614611484137543,0.26317308006905527,-0.36373287960281314,-0.6951256728424869,1,-0.49091867614328355,0.9734585596066554,-0.736721930472441,-0.016552362447487243,0.941746390464055,-0.11711216198124527,-0.3148404307921864,2,12|pelvis_fk,-0.49696495319806283,0.9729413485485885,-0.7987647943054714,-0.005234839492840418,0.9634806570912475,-0.10722199955173727,-0.24531828851235163,0.11283934467275714,25.767072701899824,-0.4367162418916299,0.9587475552004197,-0.7785032955836346,0.5614611484137543,0.26317308006905527,-0.36373287960281314,-0.6951256728424869,,,,,,,,-0.5545407844190569,0.979731463647521,-0.9387439045580337,0.5614611484137543,0.26317308006905527,-0.36373287960281314,-0.6951256728424869,-0.5545407844190569,0.979731463647521,-0.9387439045580337,0.5614611484137543,0.26317308006905527,-0.36373287960281314,-0.6951256728424869,pelvis,0,0,,,,,,,,-0.2310026174977496,-0.9720215216269715,0.04256703188121121,0.5891227126371346,-0.10491954223550674,0.8012030448719952,,,,,,,,,,,,,,,,-1.8041197717266815,
23,4.361947298049927,direct,direct,direct,0,0,0,3,0,0,3,0,,,,,,,,0,1,8,-0.3962024734833143,0.9510556192611819,-0.7457332234405136,0.5651716384755365,0.24372868371118053,-0.34959802636590637,-0.7063699935305546,1,-0.4793681680000006,0.9721794254183944,-0.7396297761367581,-0.01766450620014616,0.9324341710415891,-0.12353384885487202,-0.33910746096450206,2,12|pelvis_fk,-0.4899909040448642,0.9718013893494966,-0.8007629248693455,-0.005713725589382712,0.9579554118977013,-0.1120293688192212,-0.264079917217803,0.10937425240720562,28.092091758203228,-0.4276037954652572,0.9568918431635759,-0.784202632954405,0.5651716384755365,0.24372868371118053,-0.34959802636590637,-0.7063699935305546,,,,,,,,-0.5532090833930287,0.9802367387731521,-0.9380802710099705,0.5651716384755365,0.24372868371118053,-0.34959802636590637,-0.7063699935305546,-0.5532090833930287,0.9802367387731521,-0.9380802710099705,0.5651716384755365,0.24372868371118053,-0.34959802636590637,-0.7063699935305546,pelvis,0,0,,,,,,,,-0.2423546955985856,-0.9688547068156134,0.050840521265512,0.6280264396388574,-0.11672447804788118,0.7693881902778275,,,,,,,,,,,,,,,,-1.8159119754971134,
24,4.523656368255615,direct,direct,direct,0,0,0,3,0,0,3,0,,,,,,,,0,1,8,-0.41514729009408047,0.9561352117391575,-0.7363261060983604,-0.49968601923403283,-0.3291183190666628,0.480631317023316,0.6410838879064213,1,-0.4945249067261834,0.9781796375587718,-0.7610897340250278,0.005057564642132183,0.9752597716152164,-0.14645543331452104,-0.16551013552523738,2,12|pelvis_fk,-0.49086528114508526,0.9744312632998342,-0.8210364817479998,0.0108687404210739,0.9828919601619066,-0.12819034614995053,-0.13180478096298415,0.08966723173195107,13.614696127458895,-0.4313628985734331,0.9580659536670054,-0.7835841877061912,-0.49968601923403283,-0.3291183190666628,0.480631317023316,0.6410838879064213,,,,,,,,-0.49622533249084355,0.965788921378397,-0.9726165141375146,-0.49968601923403283,-0.3291183190666628,0.480631317023316,0.6410838879064213,-0.49622533249084355,0.965788921378397,-0.9726165141375146,-0.49968601923403283,-0.3291183190666628,0.480631317023316,0.6410838879064213,pelvis,0,0,,,,,,,,-0.28399002847356114,-0.9570504541850944,0.05834459590821775,0.3243121695870525,-0.03861483855695764,0.9451616321566167,,,,,,,,,,,,,,,,-1.8592546986061185,
25,4.6842427253723145,direct,direct,direct,0,0,0,3,0,0,3,0,,,,,,,,0,1,8,-0.3954054230952153,0.9516272977484344,-0.7436036330153181,0.5633199848513661,0.24466053830673742,-0.3503505787465854,-0.7071536520689453,1,-0.47852119605811433,0.9730099372868746,-0.737725622199663,-0.019071813388865412,0.9327423769868172,-0.12476185382871338,-0.33773125993349423,2,12|pelvis_fk,-0.4882500497712579,0.9736306043735979,-0.797365825965747,-0.007613671345998332,0.9580273169082811,-0.11328636704878227,-0.26323352960260155,0.10644746079334994,27.86547222793955,-0.4266691054331003,0.9576198044123333,-0.7821610192150976,0.5633199848513661,0.24466053830673742,-0.3503505787465854,-0.7071536520689453,,,,,,,,-0.5517238347846403,0.981589831067929,-0.9363905640142156,0.5633199848513661,0.24466053830673742,-0.3503505787465854,-0.7071536520689453,-0.5517238347846403,0.981589831067929,-0.9363905640142156,0.5633199848513661,0.24466053830673742,-0.3503505787465854,-0.7071536520689453,pelvis,0,0,,,,,,,,-0.24562363132502776,-0.9681414915265666,0.04869377906286117,0.6252736467576998,-0.11985013327797849,0.77114772399559,,,,,,,,,,,,,,,,-1.8192602533653686,
26,4.850319147109985,direct,direct,direct,0,0,0,3,0,0,3,0,,,,,,,,0,1,8,-0.3974966592625633,0.9515318595068358,-0.7438795850386888,-0.4763182289424093,-0.37667706442757204,0.5229123940242429,0.5981621536734235,1,-0.4727054362065348,0.970171772023434,-0.7812452582156235,0.012195702432828446,0.9870349205338239,-0.13403962716384252,-0.0874454620820089,2,12|pelvis_fk,-0.46941496452500314,0.9673692295807054,-0.8385378531446491,0.01622129176597899,0.9901116788487626,-0.11896466788409697,-0.07254750785488322,0.06359243320087615,7.496312304211102,-0.40629130247498896,0.9515002168021359,-0.7931000406390322,-0.4763182289424093,-0.37667706442757204,0.5229123940242429,0.5981621536734235,,,,,,,,-0.44146987532469156,0.9513736459833365,-0.9899818630404057,-0.4763182289424093,-0.37667706442757204,0.5229123940242429,0.5981621536734235,-0.44146987532469156,0.9513736459833365,-0.9899818630404057,-0.4763182289424093,-0.37667706442757204,0.5229123940242429,0.5981621536734235,pelvis,0,0,,,,,,,,-0.2624706678227865,-0.963769286383896,0.04751748263256678,0.17589286424851314,0.0006328540939971562,0.9844091120068676,,,,,,,,,,,,,,,,-1.8366856962933658,
27,5.007609844207764,direct,direct,direct,0,0,0,3,0,0,3,0,,,,,,,,0,1,8,-0.3929775318241109,0.9517341817595991,-0.7440245067890785,0.5638483055164906,0.23841469189241818,-0.3468610748666237,-0.7105778759561798,1,-0.4758721601787479,0.9735963220820101,-0.7369162432550065,-0.019141593732741765,0.9298509741158563,-0.12758797670694724,-0.34457520735681413,2,12|pelvis_fk,-0.4867198572631837,0.9738846098977604,-0.7966227203224454,-0.007299507892377375,0.956457704780672,-0.11479628210703903,-0.26824837327487966,0.10675712972130766,28.701428030538075,-0.42477366732427085,0.9579104300704544,-0.7821146593755164,0.5638483055164906,0.23841469189241818,-0.3468610748666237,-0.7105778759561798,,,,,,,,-0.5519582093249108,0.9826154233138755,-0.934475269721268,0.5638483055164906,0.23841469189241818,-0.3468610748666237,-0.7105778759561798,-0.5519582093249108,0.9826154233138755,-0.934475269721268,0.5638483055164906,0.23841469189241818,-0.3468610748666237,-0.7105778759561798,pelvis,0,0,,,,,,,,-0.2504670461120509,-0.966709815178397,0.052329647903025835,0.6359227100031998,-0.12352496621710544,0.7618030517287584,,,,,,,,,,,,,,,,-1.8243139501387313,
28,5.171072006225586,direct,direct,direct,0,0,0,3,0,0,3,0,,,,,,,,0,1,8,-0.4002523979131407,0.9514576355480975,-0.7439389257865989,0.5634633898085627,0.2472385599796295,-0.3526105660676257,-0.7050162349209497,1,-0.4834782369073928,0.9725751967742653,-0.7386940872226506,-0.018090419512195775,0.9341643753883836,-0.12346242560019187,-0.33431524934112844,2,12|pelvis_fk,-0.4920192116503001,0.9725711669952954,-0.7989093739869026,-0.006442326885022417,0.9589323346124073,-0.11206921677974778,-0.2604760348083456,0.10923697384713109,27.598041869284685,-0.4312595888141873,0.9572751152523887,-0.7827295308645841,0.5634633898085627,0.2472385599796295,-0.3526105660676257,-0.7050162349209497,,,,,,,,-0.5552883524183737,0.9805450340695538,-0.9378919511765248,0.5634633898085627,0.2472385599796295,-0.3526105660676257,-0.7050162349209497,-0.5552883524183737,0.9805450340695538,-0.9378919511765248,0.5634633898085627,0.2472385599796295,-0.3526105660676257,-0.7050162349209497,pelvis,0,0,,,,,,,,-0.2427642056092865,-0.9688595323735789,0.04875189230932872,0.6201438180209322,-0.11634959408582547,0.7758121015597036,,,,,,,,,,,,,,,,-1.8163085455065182,
29,5.349731922149658,direct,direct,direct,0,0,0,3,0,0,3,0,,,,,,,,0,1,8,-0.41727944162434505,0.956049794215992,-0.7344038828254996,0.5112921251424283,0.29353363880463124,-0.45273183886678703,-0.668918715341221,1,-0.498087497972198,0.9807975293892639,-0.7504540427336072,0.0007858049316816844,0.9632381590775339,-0.15841239513047406,-0.21697268140611542,2,12|pelvis_fk,-0.4975090534538729,0.9768315108085882,-0.8128559384241357,0.007900390766047493,0.975600779837037,-0.13768216102812078,-0.17083420249392617,0.10194203728423018,18.136216592798995,-0.4381915263692526,0.9594112187003557,-0.7796961066289045,0.5112921251424283,0.29353363880463124,-0.45273183886678703,-0.668918715341221,,,,,,,,-0.521839865348883,0.9728569166378105,-0.9608650018425244,0.5112921251424283,0.29353363880463124,-0.45273183886678703,-0.668918715341221,-0.521839865348883,0.9728569166378105,-0.9608650018425244,0.5112921251424283,0.29353363880463124,-0.45273183886678703,-0.668918715341221,pelvis,0,0,,,,,,,,-0.30483673131490324,-0.9498097911592723,0.07025615887042244,0.4182416948981519,-0.06722848968727399,0.9058444760680993,,,,,,,,,,,,,,,,-1.8813562832797548,
30,5.525830030441284,direct,direct,direct,0,0,0,3,0,0,3,0,,,,,,,,0,1,8,-0.3930838775206724,0.951383921758157,-0.7460675393622231,0.5646295057274048,0.24013228912152473,-0.34830729838888536,-0.7086691970675169,1,-0.4760908992744556,0.9729463193605216,-0.7393669909365707,-0.01793234103637585,0.9308691451526658,-0.12610735030373646,-0.34242955764225586,2,12|pelvis_fk,-0.4863877572233094,0.9733849198708878,-0.7982224063527654,-0.00647498965152498,0.9569301320912765,-0.11404710628285097,-0.2669008324327465,0.10494625901383635,28.320107529926194,-0.4247334484791336,0.9573714764732633,-0.7843095822820115,0.5646295057274048,0.24013228912152473,-0.34830729838888536,-0.7086691970675169,,,,,,,,-0.5513317323129783,0.9813216953336883,-0.9372777539611652,0.5646295057274048,0.24013228912152473,-0.34830729838888536,-0.7086691970675169,-0.5513317323129783,0.9813216953336883,-0.9372777539611652,0.5646295057274048,0.24013228912152473,-0.34830729838888536,-0.7086691970675169,pelvis,0,0,,,,,,,,-0.24706000996656627,-0.9675507346886512,0.05298044241765641,0.6329914191692236,-0.11975109430212542,0.7648408583957682,,,,,,,,,,,,,,,,-1.820799961923219,
31,5.684987306594849,direct,direct,direct,0,0,0,3,0,0,3,0,,,,,,,,0,1,8,-0.3958244023889541,0.9527671017226562,-0.7407096816519223,0.5629203086877105,0.24195370002299177,-0.34852148093442087,-0.7093038209677113,1,-0.4788131392870162,0.9744734273876221,-0.7342517428018962,-0.019907865684285937,0.9313496553064172,-0.126475646595715,-0.3408744743490046,2,12|pelvis_fk,-0.48955163228689036,0.9741092769283438,-0.7951387042259731,-0.007855117090442324,0.9571870408094934,-0.11442588605557107,-0.2657780702809361,0.10915648132480317,28.183346438799074,-0.42731994878924817,0.9589324520620773,-0.7790505086140409,0.5629203086877105,0.24195370002299177,-0.34852148093442087,-0.7093038209677113,,,,,,,,-0.5533021343904245,0.9835938534197617,-0.9324138164625154,0.5629203086877105,0.24195370002299177,-0.34852148093442087,-0.7093038209677113,-0.5533021343904245,0.9835938534197617,-0.9324138164625154,0.5629203086877105,0.24195370002299177,-0.34852148093442087,-0.7093038209677113,pelvis,0,0,,,,,,,,-0.2491582662242339,-0.9672151754041841,0.04914227141663737,0.6299109280058814,-0.12330700678842198,0.7668165392423724,,,,,,,,,,,,,,,,-1.8229185677720743,
32,5.876976251602173,direct,direct,direct,0,0,0,3,0,0,3,0,,,,,,,,0,1,8,-0.3961141288052077,0.9505327533378845,-0.746251015143794,0.5633615300221338,0.24495052621265917,-0.35132835043844657,-0.7065347948809473,1,-0.47925050723682744,0.9718841711148563,-0.7405536876836841,-0.01839772031651277,0.9330876007770934,-0.12477554454230012,-0.3368087241259876,2,12|pelvis_fk,-0.4892465821080551,0.9722645141905527,-0.8008593114414589,-0.006734414173197957,0.9582341713915822,-0.11342427629913597,-0.26244400162558285,0.10742275272667429,27.810723443091813,-0.42731177467967585,0.9564519710048165,-0.784873155867772,0.5633615300221338,0.24495052621265917,-0.35132835043844657,-0.7065347948809473,,,,,,,,-0.5521023581775486,0.9801288416725447,-0.9393617187636838,0.5633615300221338,0.24495052621265917,-0.35132835043844657,-0.7065347948809473,-0.5521023581775486,0.9801288416725447,-0.9393617187636838,0.5633615300221338,0.24495052621265917,-0.35132835043844657,-0.7065347948809473,pelvis,0,0,,,,,,,,-0.24524605239852343,-0.9681851747426566,0.0497176144990293,0.6239529174893638,-0.11838435333864085,0.7724428144795594,,,,,,,,,,,,,,,,-1.818883060542393,
33,6.05764627456665,direct,direct,direct,0,0,0,3,0,0,3,0,,,,,,,,0,1,8,-0.3911869281318723,0.9496630579173913,-0.7495837735462274,0.5633632197449798,0.23585604406176644,-0.3492293228187362,-0.7106565198474369,1,-0.47399570075889574,0.9718724606621775,-0.7425517321835923,-0.016960010672743962,0.9295525532364598,-0.13033328942971353,-0.34446718635595697,2,12|pelvis_fk,-0.48630797289091576,0.9717469838627422,-0.8021391014309458,-0.005402930676964504,0.956120884371704,-0.11731886735200006,-0.2684025822744901,0.10418714258511808,28.609426762903116,-0.422985917992234,0.9557291341896049,-0.7876892451024264,0.5633632197449798,0.23585604406176644,-0.3492293228187362,-0.7106565198474369,,,,,,,,-0.550181877433681,0.9799934392784596,-0.9401111313272227,0.5633632197449798,0.23585604406176644,-0.3492293228187362,-0.7106565198474369,-0.550181877433681,0.9799934392784596,-0.9401111313272227,0.5633632197449798,0.23585604406176644,-0.3492293228187362,-0.7106565198474369,pelvis,0,0,,,,,,,,-0.2539876182362075,-0.9654511834088212,0.05826064054920645,0.6359797972072346,-0.12132152544427345,0.7621094311239811,,,,,,,,,,,,,,,,-1.8280440140427725,
34,6.2215259075164795,direct,direct,direct,0,0,0,3,0,0,3,0,,,,,,,,0,1,8,-0.401413143229437,0.9528823756971929,-0.7416189116387635,0.5629852094744802,0.2578372194953228,-0.35567012532264414,-0.7000474156147363,1,-0.484957219587736,0.9730728548259712,-0.7380507387184759,-0.01961465015646741,0.9382699849535916,-0.11744755598378875,-0.32476264013562467,2,12|pelvis_fk,-0.49269550462827116,0.9730947648041333,-0.7976466912760635,-0.007948285721881583,0.9613662860672426,-0.10749817430408265,-0.2532900141905502,0.10661255272362283,26.572151238082476,-0.4316542777045557,0.9585370172837879,-0.7810333609459013,0.5629852094744802,0.2578372194953228,-0.35567012532264414,-0.7000474156147363,,,,,,,,-0.5526188156050306,0.9811555836301681,-0.9386911581744526,0.5629852094744802,0.2578372194953228,-0.35567012532264414,-0.7000474156147363,-0.5526188156050306,0.9811555836301681,-0.9386911581744526,0.5629852094744802,0.2578372194953228,-0.35567012532264414,-0.7000474156147363,pelvis,0,0,,,,,,,,-0.23313524431179308,-0.9716426741853484,0.03947748170318629,0.6048226895023742,-0.11309283173190084,0.7882889861427563,,,,,,,,,,,,,,,,-1.806283894347148,
35,6.381757736206055,direct,direct,direct,0,0,0,3,0,0,3,0,,,,,,,,0,1,8,-0.3960514764687988,0.9515709407127095,-0.74132491654908,0.5630614771224236,0.24297009339724623,-0.3500713807953679,-0.7080800343487116,1,-0.4790966051848018,0.9731621246370395,-0.735215303362613,-0.01895863491408293,0.9320914928318746,-0.12605992231220456,-0.3390500186392605,2,12|pelvis_fk,-0.48917438307148503,0.9730202221921861,-0.7961598460314837,-0.007042935477135102,0.9576776598952963,-0.1141552505512948,-0.2641448003821111,0.10973704527108398,28.07791763024759,-0.4274150478661716,0.9576121208455834,-0.7797934820513711,0.5630614771224236,0.24297009339724623,-0.3500713807953679,-0.7080800343487116,,,,,,,,-0.552869333455663,0.9817768413770789,-0.9336677440605357,0.5630614771224236,0.24297009339724623,-0.3500713807953679,-0.7080800343487116,-0.552869333455663,0.9817768413770789,-0.9336677440605357,0.5630614771224236,0.24297009339724623,-0.3500713807953679,-0.7080800343487116,pelvis,0,0,,,,,,,,-0.2478546133904956,-0.9674989322976715,0.05013887338098905,0.627271427947457,-0.12082360265747727,0.7693713100458229,,,,,,,,,,,,,,,,-1.8215836644128924,
36,6.551302194595337,direct,direct,direct,0,0,0,3,0,0,3,0,,,,,,,,0,1,8,-0.4203022293236298,0.9568269130515747,-0.7317244832596393,0.5113784131857113,0.2958350289475378,-0.4536171043817368,-0.6672370469238065,1,-0.501114400687893,0.9812933856947139,-0.7481800195862219,0.0009617208480520339,0.9640337967193964,-0.1568203545861467,-0.2145816633901214,2,12|pelvis_fk,-0.4994706147573921,0.9774285580521543,-0.8111797233775577,0.008005170838259185,0.9760386175344351,-0.13664328880254,-0.16915420759338157,0.10462884421513365,17.810929468020948,-0.4410037086305045,0.960099277165574,-0.7771198617426133,0.5113784131857113,0.2958350289475378,-0.4536171043817368,-0.6672370469238065,,,,,,,,-0.5238096258580032,0.9731887336215709,-0.9587013756745089,0.5113784131857113,0.2958350289475378,-0.4536171043817368,-0.6672370469238065,-0.5238096258580032,0.9731887336215709,-0.9587013756745089,0.5113784131857113,0.2958350289475378,-0.4536171043817368,-0.6672370469238065,pelvis,0,0,,,,,,,,-0.30194750835054623,-0.950812902960972,0.06915580788211186,0.41402958613749324,-0.06544728227998466,0.9079075696594776,,,,,,,,,,,,,,,,-1.8782913878906107,
37,6.73295259475708,direct,direct,direct,0,0,0,3,0,0,3,0,,,,,,,,0,1,8,-0.39010284927457306,0.9501572295573648,-0.7495073341411148,0.5674849728013535,0.24021892819954263,-0.3449689498585822,-0.7079915930382062,1,-0.47321077587618804,0.9711609803044532,-0.7423021283470548,-0.017878299288907006,0.9303322219488422,-0.12262832094794633,-0.34514434389071763,2,12|pelvis_fk,-0.48473071151134,0.9716421723268227,-0.8006048832470428,-0.006472727543502888,0.9565935610854874,-0.11175818307818249,-0.2690668526649035,0.1022159762849488,28.461066834328705,-0.42199350112674533,0.9560529524851763,-0.787562908970593,0.5674849728013535,0.24021892819954263,-0.3449689498585822,-0.7079915930382062,,,,,,,,-0.5495561085354345,0.9796358441964221,-0.9397852082885059,0.5674849728013535,0.24021892819954263,-0.3449689498585822,-0.7079915930382062,-0.5495561085354345,0.9796358441964221,-0.9397852082885059,0.5674849728013535,0.24021892819954263,-0.3449689498585822,-0.7079915930382062,pelvis,0,0,,,,,,,,-0.2405113443586205,-0.9692853226320466,0.0513834269477681,0.6378130370434457,-0.11791445855622913,0.7611114965895643,,,,,,,,,,,,,,,,-1.8140167217095653,
38,6.90709924697876,direct,direct,direct,0,0,0,3,0,0,3,0,,,,,,,,0,1,8,-0.40080630301480413,0.9523079153654979,-0.7421935262621242,0.5620592425563024,0.25060120070300573,-0.35713672042273975,-0.7026676376416786,1,-0.48410548669378717,0.9733755896882901,-0.7380223037741954,-0.01703643768282142,0.9362324006618633,-0.12357195740255528,-0.3284944795361177,2,12|pelvis_fk,-0.49228997767666716,0.9734467319333964,-0.7982047169646402,-0.005721564335248524,0.9601948148857763,-0.11175531396584491,-0.2559373575084788,0.10812186301503449,27.09497823643381,-0.4313504979376677,0.9579621924437705,-0.7813736399326616,0.5620592425563024,0.25060120070300573,-0.35713672042273975,-0.7026676376416786,,,,,,,,-0.553527277629122,0.9805793007568607,-0.9380940946148113,0.5620592425563024,0.25060120070300573,-0.35713672042273975,-0.7026676376416786,-0.553527277629122,0.9805793007568607,-0.9380940946148113,0.5620592425563024,0.25060120070300573,-0.35713672042273975,-0.7026676376416786,pelvis,0,0,,,,,,,,-0.24257689212649522,-0.9688794622695603,0.049285281763395083,0.6108838984572715,-0.11308554156545157,0.7836022734107486,,,,,,,,,,,,,,,,-1.816121778004337,
39,7.075409889221191,direct,direct,direct,0,0,0,3,0,0,3,0,,,,,,,,0,1,8,-0.4158286767976582,0.9558920377787408,-0.7374200605278042,-0.49897665753553627,-0.319588432374881,0.48056297349680255,0.6464864713439421,1,-0.4952245085083284,0.9790696312035467,-0.7610653786691474,0.006732363656758169,0.972807267375581,-0.15424217746516375,-0.17265586150389747,2,12|pelvis_fk,-0.4924146818727214,0.9750139511043197,-0.822135900178083,0.012361109137984095,0.9813767828545973,-0.13404326838126632,-0.1370372768866461,0.09215125089853525,14.547004512327923,-0.43272860592324713,0.9579001901525983,-0.7844345234045982,-0.49897665753553627,-0.319588432374881,0.48056297349680255,0.6464864713439421,,,,,,,,-0.5003283224256027,0.9659327996480284,-0.9724923749117742,-0.49897665753553627,-0.319588432374881,0.48056297349680255,0.6464864713439421,-0.5003283224256027,0.9659327996480284,-0.9724923749117742,-0.49897665753553627,-0.319588432374881,0.48056297349680255,0.6464864713439421,pelvis,0,0,,,,,,,,-0.29777105825366057,-0.9523280519407957,0.06636021664478864,0.3379985825117777,-0.0401630474771503,0.9402892575358799,,,,,,,,,,,,,,,,-1.8738424205401933,
40,7.24939227104187,direct,direct,direct,0,0,0,3,0,0,3,0,,,,,,,,0,1,8,-0.4010717306821381,0.9533148177067734,-0.7403577621428108,0.5615104374756285,0.2556430244434074,-0.35809591353660225,-0.7007995357930413,1,-0.4844999586667505,0.9739991635258284,-0.7369097752830215,-0.018418104612108827,0.9380244556243398,-0.12087099370530367,-0.32428551764433,2,12|pelvis_fk,-0.4928829951856045,0.9733311255041968,-0.7965564792701332,-0.006613345287340718,0.9611460630162835,-0.10957499390855521,-0.25327421882684603,0.1057583835344471,26.496872013369618,-0.4312678838369927,0.9589621522382048,-0.7798077297896754,0.5615104374756285,0.2556430244434074,-0.35809591353660225,-0.7007995357930413,,,,,,,,-0.5520524964564112,0.9815514903639306,-0.937607600377134,0.5615104374756285,0.2556430244434074,-0.35809591353660225,-0.7007995357930413,-0.5520524964564112,0.9815514903639306,-0.937607600377134,0.5615104374756285,0.2556430244434074,-0.35809591353660225,-0.7007995357930413,pelvis,0,0,,,,,,,,-0.2387053453187113,-0.9701019526063804,0.043840160419006964,0.6039230630970922,-0.11294669062862907,0.7889993529372927,,,,,,,,,,,,,,,,-1.81206533188158,
41,7.412499189376831,direct,direct,direct,0,0,0,3,0,0,3,0,,,,,,,,0,1,8,-0.4008462622959734,0.9522853676583342,-0.7418731624477731,0.5635653771185831,0.2546118846259335,-0.35396783725172537,-0.7016221377007397,1,-0.48431236428976016,0.9726760231508352,-0.7376742356147689,-0.019350403978182284,0.9368836183484909,-0.11870635660397415,-0.32830389647083186,2,12|pelvis_fk,-0.49292954707648656,0.9725413897094478,-0.7987366122673845,-0.007357100772386035,0.9605630725744531,-0.10843465554943645,-0.25594214610029775,0.10952927044994998,26.95897663282105,-0.43137481494481705,0.9579954512487867,-0.7810573737905682,0.5635653771185831,0.2546118846259335,-0.35396783725172537,-0.7016221377007397,,,,,,,,-0.5534890255401915,0.9808357856105968,-0.9377942191617483,0.5635653771185831,0.2546118846259335,-0.35396783725172537,-0.7016221377007397,-0.5534890255401915,0.9808357856105968,-0.9377942191617483,0.5635653771185831,0.2546118846259335,-0.35396783725172537,-0.7016221377007397,pelvis,0,0,,,,,,,,-0.23513370784083917,-0.9710687255353829,0.04168536582671272,0.6105710529768724,-0.11420167180905053,0.7836842268559007,,,,,,,,,,,,,,,,-1.8083629223421158,
42,7.573959827423096,direct,direct,direct,0,0,0,3,0,0,3,0,,,,,,,,0,1,8,-0.3974305703173677,0.95210232742408,-0.7445309580999794,0.5620871248606738,0.25138876412994465,-0.35650500134953195,-0.7026848065440513,1,-0.48075019448877093,0.9730877086673917,-0.740353159396237,-0.017740722231894927,0.9363328484421009,-0.12285695945148233,-0.3284390829626244,2,12|pelvis_fk,-0.48983740706306067,0.9726811213240704,-0.8003685235468327,-0.006250292875264105,0.9602223098818635,-0.11164375085632032,-0.2558705186981178,0.10636197524915186,27.068500846701397,-0.4279654434071899,0.9577985522319431,-0.7837122616557155,0.5620871248606738,0.25138876412994465,-0.35650500134953195,-0.7026848065440513,,,,,,,,-0.5501049357664786,0.9805834514633957,-0.94043747587866,0.5620871248606738,0.25138876412994465,-0.35650500134953195,-0.7026848065440513,-0.5501049357664786,0.9805834514633957,-0.94043747587866,0.5620871248606738,0.25138876412994465,-0.35650500134953195,-0.7026848065440513,pelvis,0,0,,,,,,,,-0.24172350667016096,-0.9691828685780554,0.0474796122340217,0.6106974617964435,-0.11392449615726283,0.7836260711147225,,,,,,,,,,,,,,,,-1.8152192374193452,
43,7.739941835403442,direct,direct,direct,0,0,0,3,0,0,3,0,,,,,,,,0,1,8,-0.39298784094274763,0.9500681733243604,-0.7468613106286627,0.5679045453907483,0.24517926572581714,-0.3453481621748227,-0.705766393267028,1,-0.47628438512893,0.9705196197808174,-0.7402716168210536,-0.01884647571363716,0.932099183279208,-0.11901537216264266,-0.34157175537856815,2,12|pelvis_fk,-0.48679658280678617,0.9716435980394426,-0.7995200012939706,-0.0071608844008120365,0.9577633102717921,-0.10880296052167705,-0.26608284238848534,0.10496387936918289,28.18457376052706,-0.42460141433260723,0.9558900807450604,-0.7851586652567406,0.5679045453907483,0.24517926572581714,-0.3453481621748227,-0.705766393267028,,,,,,,,-0.5510557078920456,0.9791777104278605,-0.9383480837690522,0.5679045453907483,0.24517926572581714,-0.3453481621748227,-0.705766393267028,-0.5510557078920456,0.9791777104278605,-0.9383480837690522,0.5679045453907483,0.24517926572581714,-0.3453481621748227,-0.705766393267028,pelvis,0,0,,,,,,,,-0.23474310996535336,-0.9709603030843259,0.04617100993250962,0.6322714677971918,-0.1164381484140001,0.7659470925615578,,,,,,,,,,,,,,,,-1.808008432883189,
44,7.934132814407349,direct,direct,direct,0,0,0,3,0,0,3,0,,,,,,,,0,1,8,-0.3953947690383759,0.951292637132757,-0.7434896213992472,-0.48018513628362147,-0.3955627816608751,0.5203094598827356,0.585004603925069,1,-0.4702794432813437,0.9671842757963641,-0.7827291599300449,0.009963605290206182,0.9905309908761506,-0.11478307293165405,-0.07465874933254009,2,12|pelvis_fk,-0.46786541772841433,0.964208795901159,-0.8422367472279709,0.015111689697777703,0.9923847296061312,-0.10474189290712552,-0.06303428550619203,0.06400393891946088,5.607714667598833,-0.4029043148570382,0.9511626672176386,-0.7929223011710195,-0.48018513628362147,-0.3955627816608751,0.5203094598827356,0.585004603925069,,,,,,,,-0.43294249813168745,0.9506427875571651,-0.9906530202581084,-0.48018513628362147,-0.3955627816608751,0.5203094598827356,0.585004603925069,-0.43294249813168745,0.9506427875571651,-0.9906530202581084,-0.48018513628362147,-0.3955627816608751,0.5203094598827356,0.585004603925069,pelvis,0,0,,,,,,,,-0.22590464131398172,-0.9734511454759753,0.03687764098085959,0.15019091637324625,0.0025993983023675513,0.9886535954354445,,,,,,,,,,,,,,,,-1.7988257614141756,
45,8.09671139717102,direct,direct,direct,0,0,0,3,0,0,3,0,,,,,,,,0,1,8,-0.39303535190176,0.9501929587974455,-0.74869980434119,0.5665314878896544,0.24601375285716895,-0.34693398319424196,-0.7058017554098627,1,-0.4763122256513884,0.9708297380172246,-0.7424479532615068,-0.019175018591567936,0.932640489675464,-0.12009524892864083,-0.33969275362405293,2,12|pelvis_fk,-0.48725650682553534,0.971173853725123,-0.8016593723123688,-0.007269682548077179,0.9580894558376405,-0.10939158316367792,-0.26466058992855057,0.10397464865126137,28.044335757308097,-0.4244861906465777,0.9560608472508967,-0.7871239195209221,0.5665314878896544,0.24601375285716895,-0.34693398319424196,-0.7058017554098627,,,,,,,,-0.5502895456258488,0.9795324010647015,-0.9408203802398507,0.5665314878896544,0.24601375285716895,-0.34693398319424196,-0.7058017554098627,-0.5502895456258488,0.9795324010647015,-0.9408203802398507,0.5665314878896544,0.24601375285716895,-0.34693398319424196,-0.7058017554098627,pelvis,0,0,,,,,,,,-0.23703861326933248,-0.9704188996935609,0.045824174153919976,0.6290167748963553,-0.11735776906902413,0.7684823035946428,,,,,,,,,,,,,,,,-1.8103693636491018,
46,8.2665376663208,direct,direct,direct,0,0,0,3,0,0,3,0,,,,,,,,0,1,8,-0.39694442056550394,0.9517222511994616,-0.7455689997592005,0.5654297940228962,0.24411948820039123,-0.3488674583590701,-0.706389637530228,1,-0.48012775521865564,0.9727568652260651,-0.7393982746208076,-0.01810593667432623,0.9324031890562928,-0.12285390683300515,-0.33941624249683133,2,12|pelvis_fk,-0.4903369706880859,0.9728759490890319,-0.7991589429612371,-0.006384822301154815,0.9578434988842358,-0.11162220357725226,-0.2646423045507763,0.1065756107352974,27.97452145604409,-0.4283692607519277,0.9575803156523924,-0.7840158786978483,0.5654297940228962,0.24411948820039123,-0.3488674583590701,-0.706389637530228,,,,,,,,-0.5540686214976228,0.9810125734641154,-0.9378033944524393,0.5654297940228962,0.24411948820039123,-0.3488674583590701,-0.706389637530228,-0.5540686214976228,0.9810125734641154,-0.9378033944524393,0.5654297940228962,0.24411948820039123,-0.3488674583590701,-0.706389637530228,pelvis,0,0,,,,,,,,-0.24138964702400822,-0.9691581852660254,0.04963315667464272,0.6284968037284754,-0.11716128905861499,0.768937578772955,,,,,,,,,,,,,,,,-1.8149008819364263,
47,8.435205698013306,direct,direct,direct,0,0,0,3,0,0,3,0,,,,,,,,0,1,8,-0.40399197311211266,0.952836634198003,-0.7395245831145308,0.5628112575843875,0.2599920157971275,-0.3572261563753958,-0.6985965310959451,1,-0.4875974366564092,0.9728522031920642,-0.7364418143286369,-0.0192755664666444,0.9393129804264281,-0.1165097070449128,-0.3220948082539047,2,12|pelvis_fk,-0.4949288112839595,0.9723545490008305,-0.7973722218828072,-0.007464732440126831,0.9620170904754144,-0.10667200570464609,-0.2511741997135924,0.10996604368820995,26.352034390104905,-0.4340221774839827,0.9583999303517572,-0.7791129218178579,0.5628112575843875,0.2599920157971275,-0.3572261563753958,-0.6985965310959451,,,,,,,,-0.5541429949714629,0.9806531149667738,-0.9374662766311661,0.5628112575843875,0.2599920157971275,-0.3572261563753958,-0.6985965310959451,-0.5541429949714629,0.9806531149667738,-0.9374662766311661,0.5628112575843875,0.2599920157971275,-0.3572261563753958,-0.6985965310959451,pelvis,0,0,,,,,,,,-0.23129528011605255,-0.9721078814033977,0.038842763926316776,0.6006040874374012,-0.11126592307508264,0.791766774066541,,,,,,,,,,,,,,,,-1.8043847366982404,
48,8.601677656173706,direct,direct,direct,0,0,0,3,0,0,3,0,,,,,,,,0,1,8,-0.41708046390529296,0.9563200558087179,-0.7335394870789098,0.5027424609009472,0.30570068498189545,-0.4716123692811222,-0.6567943988417576,1,-0.49698657321361006,0.9806521456297485,-0.7541055537944629,0.005929873179208145,0.9684249570028614,-0.15998181112001866,-0.19111190273984358,2,12|pelvis_fk,-0.49420194413554674,0.9770292198586895,-0.8153497430475529,0.01151011560875822,0.9786382254461569,-0.13875097811833836,-0.15127097211783416,0.096946836882917,16.075366096875495,-0.43568308470974193,0.9588032349235485,-0.7798835948024333,0.5027424609009472,0.30570068498189545,-0.4716123692811222,-0.6567943988417576,,,,,,,,-0.5100935679275378,0.9687359513828708,-0.9652600256965274,0.5027424609009472,0.30570068498189545,-0.4716123692811222,-0.6567943988417576,-0.5100935679275378,0.9687359513828708,-0.9652600256965274,0.5027424609009472,0.30570068498189545,-0.4716123692811222,-0.6567943988417576,pelvis,0,0,,,,,,,,-0.3075942184177191,-0.9487413134296743,0.07263413101104003,0.37205241608897954,-0.04966358229661176,0.9268821544704701,,,,,,,,,,,,,,,,-1.8843161999393208,
49,8.787934064865112,direct,direct,direct,0,0,0,3,0,0,3,0,,,,,,,,0,1,8,-0.41625326934721696,0.9560112417199866,-0.7356420121582092,0.5176314135159265,0.28328070839371444,-0.4415044221404446,-0.675931657213872,1,-0.49753674066753695,0.980975253327562,-0.7486725691139025,-3.826497560758314e-05,0.9591741006319788,-0.15826197872233774,-0.23438897009781987,2,12|pelvis_fk,-0.49703938373156537,0.9779476015358661,-0.8102023044160283,0.0070876144924725505,0.9732365389056669,-0.13753198693300325,-0.18397107824325198,0.10388582505331895,19.59570714932409,-0.43873464671730467,0.9597243982171803,-0.7801481930814367,0.5176314135159265,0.28328070839371444,-0.4415044221404446,-0.675931657213872,,,,,,,,-0.5286601561976554,0.9745770242059546,-0.9581729167743467,0.5176314135159265,0.28328070839371444,-0.4415044221404446,-0.675931657213872,-0.5286601561976554,0.9745770242059546,-0.9581729167743467,0.5176314135159265,0.28328070839371444,-0.4415044221404446,-0.675931657213872,pelvis,0,0,,,,,,,,-0.3036195199869184,-0.949906289253364,0.0741163188496154,0.44962754740175365,-0.07426312994387184,0.89012361846455,,,,,,,,,,,,,,,,-1.8801645330770702,
50,8.952541828155518,direct,direct,direct,0,0,0,3,0,0,2,0,,,,,,,,0,0,-1,,,,,,,,0,,,,,,,,1,12,-0.45625442728452076,0.9627522483565811,-0.8878027808932526,0.03687115577697504,0.987898086155837,-0.0857693181106769,0.12386086271350738,0.0,0.0,,,,,,,,,,,,,,,,,,,,,,,,,,,,,,0,0,,,,,,,,,,,,,,,,,,,,,,,,,,,,,,
51,9.1110360622406,direct,direct,direct,0,0,0,3,0,0,2,0,,,,,,,,0,0,-1,,,,,,,,0,,,,,,,,1,12,-0.4472153861373738,0.9765517714848764,-0.8847611053296657,0.04995859669959678,0.9786714766212876,-0.07682809875727632,0.18385788725278493,0.0,1.7075472925031877e-06,,,,,,,,,,,,,,,,,,,,,,,,,,,,,,0,0,,,,,,,,,,,,,,,,,,,,,,,,,,,,,,
52,9.274774312973022,direct,direct,direct,0,0,0,3,0,0,2,0,,,,,,,,0,0,-1,,,,,,,,0,,,,,,,,1,12,-0.4015293893129066,0.9914643977629771,-0.8592763894431709,0.03438896320513566,0.9591536262654594,-0.04035739720768173,0.2778722744753723,0.0,0.0,,,,,,,,,,,,,,,,,,,,,,,,,,,,,,0,0,,,,,,,,,,,,,,,,,,,,,,,,,,,,,,
53,9.42967963218689,direct,direct,direct,0,0,0,3,0,0,1,0,,,,,,,,0,0,-1,,,,,,,,0,,,,,,,,0,,,,,,,,,0.0,0.0,,,,,,,,,,,,,,,,,,,,,,,,,,,,,,0,0,,,,,,,,,,,,,,,,,,,,,,,,,,,,,,
54,9.58375859260559,direct,direct,direct,0,0,0,3,0,0,1,0,,,,,,,,0,0,-1,,,,,,,,0,,,,,,,,0,,,,,,,,,0.0,0.0,,,,,,,,,,,,,,,,,,,,,,,,,,,,,,0,0,,,,,,,,,,,,,,,,,,,,,,,,,,,,,,
55,9.760778188705444,direct,direct,direct,0,0,0,3,0,0,1,0,,,,,,,,0,0,-1,,,,,,,,0,,,,,,,,0,,,,,,,,,0.0,0.0,,,,,,,,,,,,,,,,,,,,,,,,,,,,,,0,0,,,,,,,,,,,,,,,,,,,,,,,,,,,,,,
56,9.941790342330933,direct,direct,direct,0,0,0,3,0,0,1,0,,,,,,,,0,0,-1,,,,,,,,0,,,,,,,,0,,,,,,,,,0.0,0.0,,,,,,,,,,,,,,,,,,,,,,,,,,,,,,0,0,,,,,,,,,,,,,,,,,,,,,,,,,,,,,,
57,10.119646310806274,direct,direct,direct,0,0,0,3,0,0,1,0,,,,,,,,0,0,-1,,,,,,,,0,,,,,,,,0,,,,,,,,,0.0,0.0,,,,,,,,,,,,,,,,,,,,,,,,,,,,,,0,0,,,,,,,,,,,,,,,,,,,,,,,,,,,,,,
58,10.303585290908813,direct,direct,direct,0,0,0,3,0,0,1,0,,,,,,,,0,0,-1,,,,,,,,0,,,,,,,,0,,,,,,,,,0.0,0.0,,,,,,,,,,,,,,,,,,,,,,,,,,,,,,0,0,,,,,,,,,,,,,,,,,,,,,,,,,,,,,,
59,10.476754665374756,direct,direct,direct,0,0,0,3,0,0,2,0,,,,,,,,0,0,-1,,,,,,,,0,,,,,,,,1,12,-0.48906337077656514,0.9812588733721854,-0.7251448754699268,0.07118739928224005,0.9613497916920571,-0.06953971284854805,0.2567161088323266,0.0,0.0,,,,,,,,,,,,,,,,,,,,,,,,,,,,,,0,0,,,,,,,,,,,,,,,,,,,,,,,,,,,,,,
60,10.63747262954712,direct,direct,direct,0,0,0,3,0,0,2,0,,,,,,,,0,0,-1,,,,,,,,0,,,,,,,,1,12,-0.4782106470252296,0.9739760373449983,-0.7030455857513908,0.10602412148123087,0.8790140912549428,-0.05705611248647286,0.4613433786967267,0.0,1.2074182697257333e-06,,,,,,,,,,,,,,,,,,,,,,,,,,,,,,0,0,,,,,,,,,,,,,,,,,,,,,,,,,,,,,,
61,10.799888610839844,direct,direct,direct,0,0,0,3,0,0,2,0,,,,,,,,0,0,-1,,,,,,,,0,,,,,,,,1,12,-0.432299605752992,0.9680480078685746,-0.6968554195614967,0.13438593229802998,0.77587871983215,-0.06761955584409136,0.6126828127012063,0.0,0.0,,,,,,,,,,,,,,,,,,,,,,,,,,,,,,0,0,,,,,,,,,,,,,,,,,,,,,,,,,,,,,,
62,10.9897780418396,direct,direct,direct,0,0,0,3,0,0,2,0,,,,,,,,0,0,-1,,,,,,,,0,,,,,,,,1,12,-0.46479042274379073,0.9646685940452182,-0.6489199377737258,0.1569285135518256,0.7694717639568328,-0.05393655858382361,0.6167475121601289,0.0,1.2074182697257333e-06,,,,,,,,,,,,,,,,,,,,,,,,,,,,,,0,0,,,,,,,,,,,,,,,,,,,,,,,,,,,,,,
63,11.161813020706177,direct,direct,direct,0,0,0,3,0,0,2,0,,,,,,,,0,0,-1,,,,,,,,0,,,,,,,,1,12,-0.4729543453580783,0.9670072757540735,-0.6505250032303068,0.1554991304171682,0.8078932596978048,-0.09717551549378348,0.5600762631667918,0.0,0.0,,,,,,,,,,,,,,,,,,,,,,,,,,,,,,0,0,,,,,,,,,,,,,,,,,,,,,,,,,,,,,,
64,11.317625284194946,direct,direct,direct,0,0,0,3,0,0,2,0,,,,,,,,0,0,-1,,,,,,,,0,,,,,,,,1,12,-0.4351426402873051,0.9584016793191397,-0.7071555831704982,0.1370535632441429,0.8708519401703614,-0.17068078699709455,0.44011508501033403,0.0,1.2074182697257333e-06,,,,,,,,,,,,,,,,,,,,,,,,,,,,,,0,0,,,,,,,,,,,,,,,,,,,,,,,,,,,,,,
65,11.486477613449097,direct,direct,direct,0,0,0,3,0,0,2,0,,,,,,,,0,0,-1,,,,,,,,0,,,,,,,,1,12,-0.3568416671085275,0.941820229539523,-0.8067345484670425,0.09925789760502697,0.914977618169552,-0.26967778448732527,0.2832626353153755,0.0,0.0,,,,,,,,,,,,,,,,,,,,,,,,,,,,,,0,0,,,,,,,,,,,,,,,,,,,,,,,,,,,,,,
66,11.644153118133545,direct,direct,direct,0,0,0,3,0,0,2,0,,,,,,,,0,0,-1,,,,,,,,0,,,,,,,,1,12,-0.2581807555326022,0.9010050198638285,-0.7751765762231486,0.08579967011984733,0.9221640716846473,-0.3247897161202565,0.191738055179042,0.0,0.0,,,,,,,,,,,,,,,,,,,,,,,,,,,,,,0,0,,,,,,,,,,,,,,,,,,,,,,,,,,,,,,
67,11.791773319244385,direct,direct,direct,0,0,0,3,0,0,0,0,,,,,,,,0,0,-1,,,,,,,,0,,,,,,,,0,,,,,,,,,0.0,0.0,,,,,,,,,,,,,,,,,,,,,,,,,,,,,,0,0,,,,,,,,,,,,,,,,,,,,,,,,,,,,,,
68,11.949737548828125,direct,direct,direct,0,0,0,3,0,0,2,0,,,,,,,,0,0,-1,,,,,,,,0,,,,,,,,0,,,,,,,,,0.0,0.0,,,,,,,,,,,,,,,,,,,,,,,,,,,,,,0,0,,,,,,,,,,,,,,,,,,,,,,,,,,,,,,
69,12.118237495422363,direct,direct,direct,0,0,0,3,0,0,2,0,,,,,,,,0,0,-1,,,,,,,,0,,,,,,,,0,,,,,,,,,0.0,0.0,,,,,,,,,,,,,,,,,,,,,,,,,,,,,,0,0,,,,,,,,,,,,,,,,,,,,,,,,,,,,,,
70,12.294471263885498,direct,direct,direct,0,0,0,3,0,0,2,0,,,,,,,,0,0,-1,,,,,,,,0,,,,,,,,0,,,,,,,,,0.0,0.0,,,,,,,,,,,,,,,,,,,,,,,,,,,,,,0,0,,,,,,,,,,,,,,,,,,,,,,,,,,,,,,
71,12.483266592025757,direct,direct,direct,0,0,0,3,0,0,1,0,,,,,,,,0,0,-1,,,,,,,,0,,,,,,,,0,,,,,,,,,0.0,0.0,,,,,,,,,,,,,,,,,,,,,,,,,,,,,,0,0,,,,,,,,,,,,,,,,,,,,,,,,,,,,,,
72,12.662153244018555,direct,direct,direct,0,0,0,3,0,0,1,0,,,,,,,,0,0,-1,,,,,,,,0,,,,,,,,0,,,,,,,,,0.0,0.0,,,,,,,,,,,,,,,,,,,,,,,,,,,,,,0,0,,,,,,,,,,,,,,,,,,,,,,,,,,,,,,
73,12.844990253448486,direct,direct,direct,0,0,0,3,0,0,1,0,,,,,,,,0,0,-1,,,,,,,,0,,,,,,,,0,,,,,,,,,0.0,0.0,,,,,,,,,,,,,,,,,,,,,,,,,,,,,,0,0,,,,,,,,,,,,,,,,,,,,,,,,,,,,,,
74,13.005088329315186,direct,direct,direct,0,0,0,3,0,0,2,0,,,,,,,,0,0,-1,,,,,,,,0,,,,,,,,1,12,-0.07506226114451352,0.36981208030450896,-0.8567366824947302,-0.08260841619299293,0.43995626371941216,0.8941478002163015,-0.010679276964725818,0.0,0.0,,,,,,,,,,,,,,,,,,,,,,,,,,,,,,0,0,,,,,,,,,,,,,,,,,,,,,,,,,,,,,,
75,13.16563892364502,direct,direct,direct,0,0,0,3,0,0,2,0,,,,,,,,0,0,-1,,,,,,,,0,,,,,,,,1,12,-0.12794085241596206,0.3139813158150245,-0.8615709277545555,-0.09264240527779091,0.2783628540295761,0.9554474133507443,-0.032430642334469774,0.0,0.0,,,,,,,,,,,,,,,,,,,,,,,,,,,,,,0,0,,,,,,,,,,,,,,,,,,,,,,,,,,,,,,
76,13.345653772354126,direct,anchor:10,direct,0,0,0,2,1,0,3,0,,,,,,,,0,0,-1,,,,,,,,0,,,,,,,,1,12,-0.24539204098005263,0.23474688797946613,-0.8206874050345939,-0.09460585361328089,0.10621599978151201,0.9869696865656309,-0.07522454156096037,0.0,1.7075472925031877e-06,,,,,,,,,,,,,,,,,,,,,,,,,,,,,,0,0,,,,,,,,,,,,,,,,,,,,,,,,,,,,,,
77,13.495875358581543,direct,anchor:10,direct,0,0,0,2,1,0,3,0,,,,,,,,0,0,-1,,,,,,,,0,,,,,,,,1,12,-0.3676944360173095,0.1278034496184158,-0.8217973694453413,-0.15237888451760914,-0.11861308193402831,0.9810934499654246,0.012932702046428315,0.0,0.0,,,,,,,,,,,,,,,,,,,,,,,,,,,,,,0,0,,,,,,,,,,,,,,,,,,,,,,,,,,,,,,
78,13.661819458007812,direct,anchor:10,direct,0,0,0,2,1,0,2,0,,,,,,,,0,0,-1,,,,,,,,0,,,,,,,,0,,,,,,,,,0.0,0.0,,,,,,,,,,,,,,,,,,,,,,,,,,,,,,0,0,,,,,,,,,,,,,,,,,,,,,,,,,,,,,,
79,13.833893060684204,direct,anchor:10,direct,0,0,0,2,1,0,3,0,,,,,,,,0,0,-1,,,,,,,,0,,,,,,,,1,12,-0.6144337333176191,0.10691765107957196,-0.657061181471082,-0.2556819408043199,-0.17281621043971576,0.9498064084944923,0.05127464225702595,0.0,0.0,,,,,,,,,,,,,,,,,,,,,,,,,,,,,,0,0,,,,,,,,,,,,,,,,,,,,,,,,,,,,,,
80,14.010264158248901,direct,anchor:10,direct,0,0,0,2,1,0,3,0,,,,,,,,0,0,-1,,,,,,,,0,,,,,,,,1,12,-0.7147129608468142,0.08884044613542062,-0.6304038071326694,-0.4238915672286832,-0.19057661606467133,0.8850172166080272,-0.027221663232248377,0.0,0.0,,,,,,,,,,,,,,,,,,,,,,,,,,,,,,0,0,,,,,,,,,,,,,,,,,,,,,,,,,,,,,,
81,14.159809112548828,direct,anchor:10,direct,0,0,0,2,1,0,3,0,,,,,,,,0,0,-1,,,,,,,,0,,,,,,,,1,12,-0.7515427570185784,0.07662212297489533,-0.582904854755993,0.5539242698526305,0.1774758382715084,-0.802242785552256,0.13444977920179985,0.0,0.0,,,,,,,,,,,,,,,,,,,,,,,,,,,,,,0,0,,,,,,,,,,,,,,,,,,,,,,,,,,,,,,
82,14.330982446670532,direct,anchor:10,direct,0,0,0,2,1,0,2,0,,,,,,,,0,0,-1,,,,,,,,0,,,,,,,,0,,,,,,,,,0.0,0.0,,,,,,,,,,,,,,,,,,,,,,,,,,,,,,0,0,,,,,,,,,,,,,,,,,,,,,,,,,,,,,,
83,14.503857851028442,direct,anchor:10,direct,0,0,0,2,1,0,3,0,,,,,,,,0,0,-1,,,,,,,,0,,,,,,,,1,12,-0.6770654179253026,0.06071762143577505,-0.6672019827702604,0.6146202342268312,0.18147979387870924,-0.7474468251488148,0.17501512982497666,0.0,0.0,,,,,,,,,,,,,,,,,,,,,,,,,,,,,,0,0,,,,,,,,,,,,,,,,,,,,,,,,,,,,,,
84,14.695152521133423,direct,anchor:10,direct,0,0,0,2,1,0,3,0,,,,,,,,0,0,-1,,,,,,,,0,,,,,,,,1,12,-0.6443574332064188,0.04590464379129236,-0.6421521022406168,0.5972097884580976,0.18582020194804344,-0.7589924399537022,0.18094694584587043,0.0,0.0,,,,,,,,,,,,,,,,,,,,,,,,,,,,,,0,0,,,,,,,,,,,,,,,,,,,,,,,,,,,,,,
85,14.881495952606201,direct,anchor:10,direct,0,0,0,2,1,0,3,0,,,,,,,,0,0,-1,,,,,,,,0,,,,,,,,1,12,-0.7092592989952877,0.05376502278582088,-0.6275488588176337,0.5429740092828172,0.24786495537550957,-0.7907901579179922,0.13562121987387027,0.0,0.0,,,,,,,,,,,,,,,,,,,,,,,,,,,,,,0,0,,,,,,,,,,,,,,,,,,,,,,,,,,,,,,
86,15.057635068893433,direct,anchor:10,direct,0,0,0,2,1,0,3,0,,,,,,,,0,0,-1,,,,,,,,0,,,,,,,,1,12,-0.7970664306784792,0.026232166106817324,-0.6182943784729034,-0.39755683084352783,-0.2943559789215291,0.865282356437365,-0.08117615143008379,0.0,0.0,,,,,,,,,,,,,,,,,,,,,,,,,,,,,,0,0,,,,,,,,,,,,,,,,,,,,,,,,,,,,,,
87,15.234657049179077,direct,direct,direct,0,0,0,3,0,0,3,0,,,,,,,,0,0,-1,,,,,,,,0,,,,,,,,1,12,-0.8138772951124055,0.01901956013319979,-0.6757266778554843,-0.26723150546793323,-0.31147624208224123,0.9113876199817889,-0.030699824878942142,0.0,1.2074182697257333e-06,,,,,,,,,,,,,,,,,,,,,,,,,,,,,,0,0,,,,,,,,,,,,,,,,,,,,,,,,,,,,,,
88,15.411180973052979,direct,direct,direct,0,0,0,3,0,0,3,0,,,,,,,,0,0,-1,,,,,,,,0,,,,,,,,1,12,-0.8146841000691126,0.01827951854333007,-0.6979926042439316,-0.16744786924020313,-0.3003224166765504,0.9390051976651158,-0.006074198413715063,0.0,0.0,,,,,,,,,,,,,,,,,,,,,,,,,,,,,,0,0,,,,,,,,,,,,,,,,,,,,,,,,,,,,,,
89,15.585877418518066,direct,direct,direct,0,0,0,3,0,0,2,0,,,,,,,,0,0,-1,,,,,,,,0,,,,,,,,0,,,,,,,,,0.0,0.0,,,,,,,,,,,,,,,,,,,,,,,,,,,,,,0,0,,,,,,,,,,,,,,,,,,,,,,,,,,,,,,
90,15.75070595741272,direct,direct,direct,0,0,0,3,0,0,2,0,,,,,,,,0,0,-1,,,,,,,,0,,,,,,,,0,,,,,,,,,0.0,0.0,,,,,,,,,,,,,,,,,,,,,,,,,,,,,,0,0,,,,,,,,,,,,,,,,,,,,,,,,,,,,,,
91,15.908420324325562,direct,direct,direct,0,0,0,3,0,0,2,0,,,,,,,,0,0,-1,,,,,,,,0,,,,,,,,0,,,,,,,,,0.0,0.0,,,,,,,,,,,,,,,,,,,,,,,,,,,,,,0,0,,,,,,,,,,,,,,,,,,,,,,,,,,,,,,
92,16.082154273986816,direct,direct,direct,0,0,0,3,0,0,2,0,,,,,,,,0,0,-1,,,,,,,,0,,,,,,,,0,,,,,,,,,0.0,0.0,,,,,,,,,,,,,,,,,,,,,,,,,,,,,,0,0,,,,,,,,,,,,,,,,,,,,,,,,,,,,,,
93,16.254462718963623,direct,direct,direct,0,0,0,3,0,0,2,0,,,,,,,,0,0,-1,,,,,,,,0,,,,,,,,0,,,,,,,,,0.0,0.0,,,,,,,,,,,,,,,,,,,,,,,,,,,,,,0,0,,,,,,,,,,,,,,,,,,,,,,,,,,,,,,
94,16.42849588394165,direct,direct,direct,0,0,0,3,0,0,2,0,,,,,,,,0,0,-1,,,,,,,,0,,,,,,,,0,,,,,,,,,0.0,0.0,,,,,,,,,,,,,,,,,,,,,,,,,,,,,,0,0,,,,,,,,,,,,,,,,,,,,,,,,,,,,,,
95,16.58700442314148,direct,direct,direct,0,0,0,3,0,0,2,0,,,,,,,,0,0,-1,,,,,,,,0,,,,,,,,0,,,,,,,,,0.0,0.0,,,,,,,,,,,,,,,,,,,,,,,,,,,,,,0,0,,,,,,,,,,,,,,,,,,,,,,,,,,,,,,
96,16.74691343307495,direct,direct,direct,0,0,0,3,0,0,2,0,,,,,,,,0,0,-1,,,,,,,,0,,,,,,,,0,,,,,,,,,0.0,0.0,,,,,,,,,,,,,,,,,,,,,,,,,,,,,,0,0,,,,,,,,,,,,,,,,,,,,,,,,,,,,,,
97,16.91001033782959,direct,direct,direct,0,0,0,3,0,0,2,0,,,,,,,,0,0,-1,,,,,,,,0,,,,,,,,0,,,,,,,,,0.0,0.0,,,,,,,,,,,,,,,,,,,,,,,,,,,,,,0,0,,,,,,,,,,,,,,,,,,,,,,,,,,,,,,
98,17.082569360733032,direct,direct,direct,0,0,0,3,0,0,2,0,,,,,,,,0,0,-1,,,,,,,,0,,,,,,,,0,,,,,,,,,0.0,0.0,,,,,,,,,,,,,,,,,,,,,,,,,,,,,,0,0,,,,,,,,,,,,,,,,,,,,,,,,,,,,,,
99,17.253203630447388,direct,direct,direct,0,0,0,3,0,0,2,0,,,,,,,,0,0,-1,,,,,,,,0,,,,,,,,0,,,,,,,,,0.0,0.0,,,,,,,,,,,,,,,,,,,,,,,,,,,,,,0,0,,,,,,,,,,,,,,,,,,,,,,,,,,,,,,
100,17.417739868164062,direct,direct,direct,0,0,0,3,0,0,2,0,,,,,,,,0,0,-1,,,,,,,,0,,,,,,,,0,,,,,,,,,0.0,0.0,,,,,,,,,,,,,,,,,,,,,,,,,,,,,,0,0,,,,,,,,,,,,,,,,,,,,,,,,,,,,,,
101,17.588502168655396,direct,direct,direct,0,0,0,3,0,0,2,0,,,,,,,,0,0,-1,,,,,,,,0,,,,,,,,0,,,,,,,,,0.0,0.0,,,,,,,,,,,,,,,,,,,,,,,,,,,,,,0,0,,,,,,,,,,,,,,,,,,,,,,,,,,,,,,
102,17.75047254562378,direct,direct,direct,0,0,0,3,0,0,2,0,,,,,,,,0,0,-1,,,,,,,,0,,,,,,,,0,,,,,,,,,0.0,0.0,,,,,,,,,,,,,,,,,,,,,,,,,,,,,,0,0,,,,,,,,,,,,,,,,,,,,,,,,,,,,,,
103,17.925888299942017,direct,direct,direct,0,0,0,3,0,0,2,0,,,,,,,,0,0,-1,,,,,,,,0,,,,,,,,0,,,,,,,,,0.0,0.0,,,,,,,,,,,,,,,,,,,,,,,,,,,,,,0,0,,,,,,,,,,,,,,,,,,,,,,,,,,,,,,
104,18.087304830551147,direct,direct,direct,0,0,0,3,0,0,2,0,,,,,,,,0,0,-1,,,,,,,,0,,,,,,,,0,,,,,,,,,0.0,0.0,,,,,,,,,,,,,,,,,,,,,,,,,,,,,,0,0,,,,,,,,,,,,,,,,,,,,,,,,,,,,,,
105,18.267118215560913,direct,direct,direct,0,0,0,3,0,0,2,0,,,,,,,,0,0,-1,,,,,,,,0,,,,,,,,0,,,,,,,,,0.0,0.0,,,,,,,,,,,,,,,,,,,,,,,,,,,,,,0,0,,,,,,,,,,,,,,,,,,,,,,,,,,,,,,
106,18.42698335647583,direct,direct,direct,0,0,0,3,0,0,2,0,,,,,,,,0,0,-1,,,,,,,,0,,,,,,,,0,,,,,,,,,0.0,0.0,,,,,,,,,,,,,,,,,,,,,,,,,,,,,,0,0,,,,,,,,,,,,,,,,,,,,,,,,,,,,,,
107,18.609033584594727,direct,direct,direct,0,0,0,3,0,0,2,0,,,,,,,,0,0,-1,,,,,,,,0,,,,,,,,0,,,,,,,,,0.0,0.0,,,,,,,,,,,,,,,,,,,,,,,,,,,,,,0,0,,,,,,,,,,,,,,,,,,,,,,,,,,,,,,
108,18.778863430023193,direct,direct,direct,0,0,0,3,0,0,2,0,,,,,,,,0,0,-1,,,,,,,,0,,,,,,,,0,,,,,,,,,0.0,0.0,,,,,,,,,,,,,,,,,,,,,,,,,,,,,,0,0,,,,,,,,,,,,,,,,,,,,,,,,,,,,,,
109,18.95137643814087,direct,direct,direct,0,0,0,3,0,0,2,0,,,,,,,,0,0,-1,,,,,,,,0,,,,,,,,0,,,,,,,,,0.0,0.0,,,,,,,,,,,,,,,,,,,,,,,,,,,,,,0,0,,,,,,,,,,,,,,,,,,,,,,,,,,,,,,
110,19.124566078186035,direct,direct,direct,0,0,0,3,0,0,2,0,,,,,,,,0,0,-1,,,,,,,,0,,,,,,,,0,,,,,,,,,0.0,0.0,,,,,,,,,,,,,,,,,,,,,,,,,,,,,,0,0,,,,,,,,,,,,,,,,,,,,,,,,,,,,,,
111,19.303062438964844,direct,direct,direct,0,0,0,3,0,0,2,0,,,,,,,,0,0,-1,,,,,,,,0,,,,,,,,0,,,,,,,,,0.0,0.0,,,,,,,,,,,,,,,,,,,,,,,,,,,,,,0,0,,,,,,,,,,,,,,,,,,,,,,,,,,,,,,
112,19.47375178337097,direct,direct,direct,0,0,0,3,0,0,2,0,,,,,,,,0,0,-1,,,,,,,,0,,,,,,,,0,,,,,,,,,0.0,0.0,,,,,,,,,,,,,,,,,,,,,,,,,,,,,,0,0,,,,,,,,,,,,,,,,,,,,,,,,,,,,,,
113,19.644360780715942,direct,direct,direct,0,0,0,3,0,0,2,0,,,,,,,,0,0,-1,,,,,,,,0,,,,,,,,0,,,,,,,,,0.0,0.0,,,,,,,,,,,,,,,,,,,,,,,,,,,,,,0,0,,,,,,,,,,,,,,,,,,,,,,,,,,,,,,
114,19.820416688919067,direct,direct,direct,0,0,0,3,0,0,2,0,,,,,,,,0,0,-1,,,,,,,,0,,,,,,,,0,,,,,,,,,0.0,0.0,,,,,,,,,,,,,,,,,,,,,,,,,,,,,,0,0,,,,,,,,,,,,,,,,,,,,,,,,,,,,,,
115,19.991995811462402,direct,direct,direct,0,0,0,3,0,0,2,0,,,,,,,,0,0,-1,,,,,,,,0,,,,,,,,0,,,,,,,,,0.0,0.0,,,,,,,,,,,,,,,,,,,,,,,,,,,,,,0,0,,,,,,,,,,,,,,,,,,,,,,,,,,,,,,
116,20.15034556388855,direct,direct,direct,0,0,0,3,0,0,2,0,,,,,,,,0,0,-1,,,,,,,,0,,,,,,,,0,,,,,,,,,0.0,0.0,,,,,,,,,,,,,,,,,,,,,,,,,,,,,,0,0,,,,,,,,,,,,,,,,,,,,,,,,,,,,,,
117,20.314384698867798,direct,direct,direct,0,0,0,3,0,0,2,0,,,,,,,,0,0,-1,,,,,,,,0,,,,,,,,0,,,,,,,,,0.0,0.0,,,,,,,,,,,,,,,,,,,,,,,,,,,,,,0,0,,,,,,,,,,,,,,,,,,,,,,,,,,,,,,
118,20.504324913024902,direct,direct,direct,0,0,0,3,0,0,2,0,,,,,,,,0,0,-1,,,,,,,,0,,,,,,,,0,,,,,,,,,0.0,0.0,,,,,,,,,,,,,,,,,,,,,,,,,,,,,,0,0,,,,,,,,,,,,,,,,,,,,,,,,,,,,,,
119,20.67186951637268,direct,direct,direct,0,0,0,3,0,0,2,0,,,,,,,,0,0,-1,,,,,,,,0,,,,,,,,0,,,,,,,,,0.0,0.0,,,,,,,,,,,,,,,,,,,,,,,,,,,,,,0,0,,,,,,,,,,,,,,,,,,,,,,,,,,,,,,
120,20.840445041656494,direct,direct,direct,0,0,0,3,0,0,2,0,,,,,,,,0,0,-1,,,,,,,,0,,,,,,,,0,,,,,,,,,0.0,0.0,,,,,,,,,,,,,,,,,,,,,,,,,,,,,,0,0,,,,,,,,,,,,,,,,,,,,,,,,,,,,,,
121,21.00174832344055,direct,direct,direct,0,0,0,3,0,0,2,0,,,,,,,,0,0,-1,,,,,,,,0,,,,,,,,0,,,,,,,,,0.0,0.0,,,,,,,,,,,,,,,,,,,,,,,,,,,,,,0,0,,,,,,,,,,,,,,,,,,,,,,,,,,,,,,
122,21.16313934326172,direct,direct,direct,0,0,0,3,0,0,2,0,,,,,,,,0,0,-1,,,,,,,,0,,,,,,,,0,,,,,,,,,0.0,0.0,,,,,,,,,,,,,,,,,,,,,,,,,,,,,,0,0,,,,,,,,,,,,,,,,,,,,,,,,,,,,,,
123,21.32689642906189,direct,direct,direct,0,0,0,3,0,0,2,0,,,,,,,,0,0,-1,,,,,,,,0,,,,,,,,0,,,,,,,,,0.0,0.0,,,,,,,,,,,,,,,,,,,,,,,,,,,,,,0,0,,,,,,,,,,,,,,,,,,,,,,,,,,,,,,
124,21.500327825546265,direct,direct,direct,0,0,0,3,0,0,2,0,,,,,,,,0,0,-1,,,,,,,,0,,,,,,,,0,,,,,,,,,0.0,0.0,,,,,,,,,,,,,,,,,,,,,,,,,,,,,,0,0,,,,,,,,,,,,,,,,,,,,,,,,,,,,,,
125,21.681352615356445,direct,direct,direct,0,0,0,3,0,0,2,0,,,,,,,,0,0,-1,,,,,,,,0,,,,,,,,0,,,,,,,,,0.0,0.0,,,,,,,,,,,,,,,,,,,,,,,,,,,,,,0,0,,,,,,,,,,,,,,,,,,,,,,,,,,,,,,
126,21.855207681655884,direct,direct,direct,0,0,0,3,0,0,2,0,,,,,,,,0,0,-1,,,,,,,,0,,,,,,,,0,,,,,,,,,0.0,0.0,,,,,,,,,,,,,,,,,,,,,,,,,,,,,,0,0,,,,,,,,,,,,,,,,,,,,,,,,,,,,,,
127,22.031689643859863,direct,direct,direct,0,0,0,3,0,0,2,0,,,,,,,,0,0,-1,,,,,,,,0,,,,,,,,0,,,,,,,,,0.0,0.0,,,,,,,,,,,,,,,,,,,,,,,,,,,,,,0,0,,,,,,,,,,,,,,,,,,,,,,,,,,,,,,
128,22.19706392288208,direct,direct,direct,0,0,0,3,0,0,2,0,,,,,,,,0,0,-1,,,,,,,,0,,,,,,,,0,,,,,,,,,0.0,0.0,,,,,,,,,,,,,,,,,,,,,,,,,,,,,,0,0,,,,,,,,,,,,,,,,,,,,,,,,,,,,,,
129,22.358777284622192,direct,direct,direct,0,0,0,3,0,0,2,0,,,,,,,,0,0,-1,,,,,,,,0,,,,,,,,0,,,,,,,,,0.0,0.0,,,,,,,,,,,,,,,,,,,,,,,,,,,,,,0,0,,,,,,,,,,,,,,,,,,,,,,,,,,,,,,
130,22.51555371284485,direct,direct,direct,0,0,0,3,0,0,2,0,,,,,,,,0,0,-1,,,,,,,,0,,,,,,,,0,,,,,,,,,0.0,0.0,,,,,,,,,,,,,,,,,,,,,,,,,,,,,,0,0,,,,,,,,,,,,,,,,,,,,,,,,,,,,,,
131,22.667210578918457,direct,direct,direct,0,0,0,3,0,0,2,0,,,,,,,,0,0,-1,,,,,,,,0,,,,,,,,0,,,,,,,,,0.0,0.0,,,,,,,,,,,,,,,,,,,,,,,,,,,,,,0,0,,,,,,,,,,,,,,,,,,,,,,,,,,,,,,
132,22.82918953895569,direct,direct,direct,0,0,0,3,0,0,2,0,,,,,,,,0,0,-1,,,,,,,,0,,,,,,,,0,,,,,,,,,0.0,0.0,,,,,,,,,,,,,,,,,,,,,,,,,,,,,,0,0,,,,,,,,,,,,,,,,,,,,,,,,,,,,,,
133,22.98750877380371,direct,direct,direct,0,0,0,3,0,0,2,0,,,,,,,,0,0,-1,,,,,,,,0,,,,,,,,0,,,,,,,,,0.0,0.0,,,,,,,,,,,,,,,,,,,,,,,,,,,,,,0,0,,,,,,,,,,,,,,,,,,,,,,,,,,,,,,
134,23.162142038345337,direct,direct,direct,0,0,0,3,0,0,2,0,,,,,,,,0,0,-1,,,,,,,,0,,,,,,,,0,,,,,,,,,0.0,0.0,,,,,,,,,,,,,,,,,,,,,,,,,,,,,,0,0,,,,,,,,,,,,,,,,,,,,,,,,,,,,,,
135,23.320173978805542,direct,direct,direct,0,0,0,3,0,0,2,0,,,,,,,,0,0,-1,,,,,,,,0,,,,,,,,0,,,,,,,,,0.0,0.0,,,,,,,,,,,,,,,,,,,,,,,,,,,,,,0,0,,,,,,,,,,,,,,,,,,,,,,,,,,,,,,
136,23.476542711257935,direct,direct,direct,0,0,0,3,0,0,2,0,,,,,,,,0,0,-1,,,,,,,,0,,,,,,,,0,,,,,,,,,0.0,0.0,,,,,,,,,,,,,,,,,,,,,,,,,,,,,,0,0,,,,,,,,,,,,,,,,,,,,,,,,,,,,,,
137,23.63031554222107,direct,direct,direct,0,0,0,3,0,0,2,0,,,,,,,,0,0,-1,,,,,,,,0,,,,,,,,0,,,,,,,,,0.0,0.0,,,,,,,,,,,,,,,,,,,,,,,,,,,,,,0,0,,,,,,,,,,,,,,,,,,,,,,,,,,,,,,
138,23.78606867790222,direct,direct,direct,0,0,0,3,0,0,2,0,,,,,,,,0,0,-1,,,,,,,,0,,,,,,,,0,,,,,,,,,0.0,0.0,,,,,,,,,,,,,,,,,,,,,,,,,,,,,,0,0,,,,,,,,,,,,,,,,,,,,,,,,,,,,,,
139,23.955575704574585,direct,direct,direct,0,0,0,3,0,0,2,0,,,,,,,,0,0,-1,,,,,,,,0,,,,,,,,0,,,,,,,,,0.0,0.0,,,,,,,,,,,,,,,,,,,,,,,,,,,,,,0,0,,,,,,,,,,,,,,,,,,,,,,,,,,,,,,
140,24.117937564849854,direct,direct,direct,0,0,0,3,0,0,2,0,,,,,,,,0,0,-1,,,,,,,,0,,,,,,,,0,,,,,,,,,0.0,0.0,,,,,,,,,,,,,,,,,,,,,,,,,,,,,,0,0,,,,,,,,,,,,,,,,,,,,,,,,,,,,,,
141,24.279393196105957,direct,direct,direct,0,0,0,3,0,0,2,0,,,,,,,,0,0,-1,,,,,,,,0,,,,,,,,0,,,,,,,,,0.0,0.0,,,,,,,,,,,,,,,,,,,,,,,,,,,,,,0,0,,,,,,,,,,,,,,,,,,,,,,,,,,,,,,
142,24.44508957862854,direct,direct,direct,0,0,0,3,0,0,2,0,,,,,,,,0,0,-1,,,,,,,,0,,,,,,,,0,,,,,,,,,0.0,0.0,,,,,,,,,,,,,,,,,,,,,,,,,,,,,,0,0,,,,,,,,,,,,,,,,,,,,,,,,,,,,,,
143,24.6042218208313,direct,direct,direct,0,0,0,3,0,0,2,0,,,,,,,,0,0,-1,,,,,,,,0,,,,,,,,0,,,,,,,,,0.0,0.0,,,,,,,,,,,,,,,,,,,,,,,,,,,,,,0,0,,,,,,,,,,,,,,,,,,,,,,,,,,,,,,
144,24.764321327209473,direct,direct,direct,0,0,0,3,0,0,2,0,,,,,,,,0,0,-1,,,,,,,,0,,,,,,,,0,,,,,,,,,0.0,0.0,,,,,,,,,,,,,,,,,,,,,,,,,,,,,,0,0,,,,,,,,,,,,,,,,,,,,,,,,,,,,,,
145,24.94347906112671,direct,direct,direct,0,0,0,3,0,0,2,0,,,,,,,,0,0,-1,,,,,,,,0,,,,,,,,0,,,,,,,,,0.0,0.0,,,,,,,,,,,,,,,,,,,,,,,,,,,,,,0,0,,,,,,,,,,,,,,,,,,,,,,,,,,,,,,
146,25.12368392944336,direct,direct,direct,0,0,0,3,0,0,2,0,,,,,,,,0,0,-1,,,,,,,,0,,,,,,,,0,,,,,,,,,0.0,0.0,,,,,,,,,,,,,,,,,,,,,,,,,,,,,,0,0,,,,,,,,,,,,,,,,,,,,,,,,,,,,,,
147,25.300740242004395,direct,direct,direct,0,0,0,3,0,0,2,0,,,,,,,,0,0,-1,,,,,,,,0,,,,,,,,0,,,,,,,,,0.0,0.0,,,,,,,,,,,,,,,,,,,,,,,,,,,,,,0,0,,,,,,,,,,,,,,,,,,,,,,,,,,,,,,
148,25.48739981651306,direct,direct,direct,0,0,0,3,0,0,2,0,,,,,,,,0,0,-1,,,,,,,,0,,,,,,,,0,,,,,,,,,0.0,0.0,,,,,,,,,,,,,,,,,,,,,,,,,,,,,,0,0,,,,,,,,,,,,,,,,,,,,,,,,,,,,,,
149,25.676326513290405,direct,direct,direct,0,0,0,3,0,0,2,0,,,,,,,,0,0,-1,,,,,,,,0,,,,,,,,0,,,,,,,,,0.0,0.0,,,,,,,,,,,,,,,,,,,,,,,,,,,,,,0,0,,,,,,,,,,,,,,,,,,,,,,,,,,,,,,
150,25.838818311691284,direct,direct,direct,0,0,0,3,0,0,2,0,,,,,,,,0,0,-1,,,,,,,,0,,,,,,,,0,,,,,,,,,0.0,0.0,,,,,,,,,,,,,,,,,,,,,,,,,,,,,,0,0,,,,,,,,,,,,,,,,,,,,,,,,,,,,,,
151,26.012935161590576,direct,direct,direct,0,0,0,3,0,0,2,0,,,,,,,,0,0,-1,,,,,,,,0,,,,,,,,0,,,,,,,,,0.0,0.0,,,,,,,,,,,,,,,,,,,,,,,,,,,,,,0,0,,,,,,,,,,,,,,,,,,,,,,,,,,,,,,
152,26.171775579452515,direct,direct,direct,0,0,0,3,0,0,2,0,,,,,,,,0,0,-1,,,,,,,,0,,,,,,,,0,,,,,,,,,0.0,0.0,,,,,,,,,,,,,,,,,,,,,,,,,,,,,,0,0,,,,,,,,,,,,,,,,,,,,,,,,,,,,,,
153,26.334850788116455,direct,direct,direct,0,0,0,3,0,0,2,0,,,,,,,,0,0,-1,,,,,,,,0,,,,,,,,0,,,,,,,,,0.0,0.0,,,,,,,,,,,,,,,,,,,,,,,,,,,,,,0,0,,,,,,,,,,,,,,,,,,,,,,,,,,,,,,
154,26.507882833480835,direct,direct,direct,0,0,0,3,0,0,2,0,,,,,,,,0,0,-1,,,,,,,,0,,,,,,,,0,,,,,,,,,0.0,0.0,,,,,,,,,,,,,,,,,,,,,,,,,,,,,,0,0,,,,,,,,,,,,,,,,,,,,,,,,,,,,,,
155,26.69715714454651,direct,direct,direct,0,0,0,3,0,0,2,0,,,,,,,,0,0,-1,,,,,,,,0,,,,,,,,0,,,,,,,,,0.0,0.0,,,,,,,,,,,,,,,,,,,,,,,,,,,,,,0,0,,,,,,,,,,,,,,,,,,,,,,,,,,,,,,
156,26.860334396362305,direct,direct,direct,0,0,0,3,0,0,2,0,,,,,,,,0,0,-1,,,,,,,,0,,,,,,,,0,,,,,,,,,0.0,0.0,,,,,,,,,,,,,,,,,,,,,,,,,,,,,,0,0,,,,,,,,,,,,,,,,,,,,,,,,,,,,,,
157,27.0251042842865,direct,direct,direct,0,0,0,3,0,0,2,0,,,,,,,,0,0,-1,,,,,,,,0,,,,,,,,0,,,,,,,,,0.0,0.0,,,,,,,,,,,,,,,,,,,,,,,,,,,,,,0,0,,,,,,,,,,,,,,,,,,,,,,,,,,,,,,
158,27.20539879798889,direct,direct,direct,0,0,0,3,0,0,2,0,,,,,,,,0,0,-1,,,,,,,,0,,,,,,,,0,,,,,,,,,0.0,0.0,,,,,,,,,,,,,,,,,,,,,,,,,,,,,,0,0,,,,,,,,,,,,,,,,,,,,,,,,,,,,,,
159,27.369736433029175,direct,direct,direct,0,0,0,3,0,0,2,0,,,,,,,,0,0,-1,,,,,,,,0,,,,,,,,0,,,,,,,,,0.0,0.0,,,,,,,,,,,,,,,,,,,,,,,,,,,,,,0,0,,,,,,,,,,,,,,,,,,,,,,,,,,,,,,
160,27.525879621505737,direct,direct,direct,0,0,0,3,0,0,2,0,,,,,,,,0,0,-1,,,,,,,,0,,,,,,,,0,,,,,,,,,0.0,0.0,,,,,,,,,,,,,,,,,,,,,,,,,,,,,,0,0,,,,,,,,,,,,,,,,,,,,,,,,,,,,,,
161,27.698285341262817,direct,direct,direct,0,0,0,3,0,0,2,0,,,,,,,,0,0,-1,,,,,,,,0,,,,,,,,0,,,,,,,,,0.0,0.0,,,,,,,,,,,,,,,,,,,,,,,,,,,,,,0,0,,,,,,,,,,,,,,,,,,,,,,,,,,,,,,
162,27.86580538749695,direct,direct,direct,0,0,0,3,0,0,2,0,,,,,,,,0,0,-1,,,,,,,,0,,,,,,,,0,,,,,,,,,0.0,0.0,,,,,,,,,,,,,,,,,,,,,,,,,,,,,,0,0,,,,,,,,,,,,,,,,,,,,,,,,,,,,,,
163,28.030404090881348,direct,direct,direct,0,0,0,3,0,0,2,0,,,,,,,,0,0,-1,,,,,,,,0,,,,,,,,0,,,,,,,,,0.0,0.0,,,,,,,,,,,,,,,,,,,,,,,,,,,,,,0,0,,,,,,,,,,,,,,,,,,,,,,,,,,,,,,
164,28.192092418670654,direct,direct,direct,0,0,0,3,0,0,2,0,,,,,,,,0,0,-1,,,,,,,,0,,,,,,,,0,,,,,,,,,0.0,0.0,,,,,,,,,,,,,,,,,,,,,,,,,,,,,,0,0,,,,,,,,,,,,,,,,,,,,,,,,,,,,,,
165,28.37088966369629,direct,direct,direct,0,0,0,3,0,0,2,0,,,,,,,,0,0,-1,,,,,,,,0,,,,,,,,0,,,,,,,,,0.0,0.0,,,,,,,,,,,,,,,,,,,,,,,,,,,,,,0,0,,,,,,,,,,,,,,,,,,,,,,,,,,,,,,
166,28.57804036140442,direct,direct,direct,0,0,0,3,0,0,2,0,,,,,,,,0,0,-1,,,,,,,,0,,,,,,,,0,,,,,,,,,0.0,0.0,,,,,,,,,,,,,,,,,,,,,,,,,,,,,,0,0,,,,,,,,,,,,,,,,,,,,,,,,,,,,,,
167,28.764170169830322,direct,direct,direct,0,0,0,3,0,0,2,0,,,,,,,,0,0,-1,,,,,,,,0,,,,,,,,0,,,,,,,,,0.0,0.0,,,,,,,,,,,,,,,,,,,,,,,,,,,,,,0,0,,,,,,,,,,,,,,,,,,,,,,,,,,,,,,
168,28.963664531707764,direct,direct,direct,0,0,0,3,0,0,2,0,,,,,,,,0,0,-1,,,,,,,,0,,,,,,,,0,,,,,,,,,0.0,0.0,,,,,,,,,,,,,,,,,,,,,,,,,,,,,,0,0,,,,,,,,,,,,,,,,,,,,,,,,,,,,,,
169,29.15913414955139,direct,direct,direct,0,0,0,3,0,0,2,0,,,,,,,,0,0,-1,,,,,,,,0,,,,,,,,0,,,,,,,,,0.0,0.0,,,,,,,,,,,,,,,,,,,,,,,,,,,,,,0,0,,,,,,,,,,,,,,,,,,,,,,,,,,,,,,
170,29.322696447372437,direct,direct,direct,0,0,0,3,0,0,2,0,,,,,,,,0,0,-1,,,,,,,,0,,,,,,,,0,,,,,,,,,0.0,0.0,,,,,,,,,,,,,,,,,,,,,,,,,,,,,,0,0,,,,,,,,,,,,,,,,,,,,,,,,,,,,,,
171,29.527961492538452,direct,direct,direct,0,0,0,3,0,0,2,0,,,,,,,,0,0,-1,,,,,,,,0,,,,,,,,0,,,,,,,,,0.0,0.0,,,,,,,,,,,,,,,,,,,,,,,,,,,,,,0,0,,,,,,,,,,,,,,,,,,,,,,,,,,,,,,
172,29.6937472820282,direct,direct,direct,0,0,0,3,0,0,2,0,,,,,,,,0,0,-1,,,,,,,,0,,,,,,,,0,,,,,,,,,0.0,0.0,,,,,,,,,,,,,,,,,,,,,,,,,,,,,,0,0,,,,,,,,,,,,,,,,,,,,,,,,,,,,,,
173,29.860785007476807,direct,direct,direct,0,0,0,3,0,0,2,0,,,,,,,,0,0,-1,,,,,,,,0,,,,,,,,0,,,,,,,,,0.0,0.0,,,,,,,,,,,,,,,,,,,,,,,,,,,,,,0,0,,,,,,,,,,,,,,,,,,,,,,,,,,,,,,
174,30.053094625473022,direct,direct,direct,0,0,0,3,0,0,2,0,,,,,,,,0,0,-1,,,,,,,,0,,,,,,,,0,,,,,,,,,0.0,0.0,,,,,,,,,,,,,,,,,,,,,,,,,,,,,,0,0,,,,,,,,,,,,,,,,,,,,,,,,,,,,,,
175,30.233245849609375,direct,direct,direct,0,0,0,3,0,0,2,0,,,,,,,,0,0,-1,,,,,,,,0,,,,,,,,0,,,,,,,,,0.0,0.0,,,,,,,,,,,,,,,,,,,,,,,,,,,,,,0,0,,,,,,,,,,,,,,,,,,,,,,,,,,,,,,
176,30.411937952041626,direct,direct,direct,0,0,0,3,0,0,2,0,,,,,,,,0,0,-1,,,,,,,,0,,,,,,,,0,,,,,,,,,0.0,0.0,,,,,,,,,,,,,,,,,,,,,,,,,,,,,,0,0,,,,,,,,,,,,,,,,,,,,,,,,,,,,,,
177,30.598600387573242,direct,direct,direct,0,0,0,3,0,0,2,0,,,,,,,,0,0,-1,,,,,,,,0,,,,,,,,0,,,,,,,,,0.0,0.0,,,,,,,,,,,,,,,,,,,,,,,,,,,,,,0,0,,,,,,,,,,,,,,,,,,,,,,,,,,,,,,
178,30.76585602760315,direct,direct,direct,0,0,0,3,0,0,2,0,,,,,,,,0,0,-1,,,,,,,,0,,,,,,,,0,,,,,,,,,0.0,0.0,,,,,,,,,,,,,,,,,,,,,,,,,,,,,,0,0,,,,,,,,,,,,,,,,,,,,,,,,,,,,,,
179,30.93405270576477,direct,direct,direct,0,0,0,3,0,0,2,0,,,,,,,,0,0,-1,,,,,,,,0,,,,,,,,0,,,,,,,,,0.0,0.0,,,,,,,,,,,,,,,,,,,,,,,,,,,,,,0,0,,,,,,,,,,,,,,,,,,,,,,,,,,,,,,
180,31.090872049331665,direct,direct,direct,0,0,0,3,0,0,2,0,,,,,,,,0,0,-1,,,,,,,,0,,,,,,,,0,,,,,,,,,0.0,0.0,,,,,,,,,,,,,,,,,,,,,,,,,,,,,,0,0,,,,,,,,,,,,,,,,,,,,,,,,,,,,,,
181,31.251821041107178,direct,direct,direct,0,0,0,3,0,0,2,0,,,,,,,,0,0,-1,,,,,,,,0,,,,,,,,0,,,,,,,,,0.0,0.0,,,,,,,,,,,,,,,,,,,,,,,,,,,,,,0,0,,,,,,,,,,,,,,,,,,,,,,,,,,,,,,
182,31.402551412582397,direct,direct,direct,0,0,0,3,0,0,2,0,,,,,,,,0,0,-1,,,,,,,,0,,,,,,,,0,,,,,,,,,0.0,0.0,,,,,,,,,,,,,,,,,,,,,,,,,,,,,,0,0,,,,,,,,,,,,,,,,,,,,,,,,,,,,,,
183,31.570391178131104,direct,direct,direct,0,0,0,3,0,0,2,0,,,,,,,,0,0,-1,,,,,,,,0,,,,,,,,0,,,,,,,,,0.0,0.0,,,,,,,,,,,,,,,,,,,,,,,,,,,,,,0,0,,,,,,,,,,,,,,,,,,,,,,,,,,,,,,
184,31.748088121414185,direct,direct,direct,0,0,0,3,0,0,2,0,,,,,,,,0,0,-1,,,,,,,,0,,,,,,,,0,,,,,,,,,0.0,0.0,,,,,,,,,,,,,,,,,,,,,,,,,,,,,,0,0,,,,,,,,,,,,,,,,,,,,,,,,,,,,,,
185,31.920639514923096,direct,direct,direct,0,0,0,3,0,0,2,0,,,,,,,,0,0,-1,,,,,,,,0,,,,,,,,0,,,,,,,,,0.0,0.0,,,,,,,,,,,,,,,,,,,,,,,,,,,,,,0,0,,,,,,,,,,,,,,,,,,,,,,,,,,,,,,
186,32.08914661407471,direct,direct,direct,0,0,0,3,0,0,2,0,,,,,,,,0,0,-1,,,,,,,,0,,,,,,,,0,,,,,,,,,0.0,0.0,,,,,,,,,,,,,,,,,,,,,,,,,,,,,,0,0,,,,,,,,,,,,,,,,,,,,,,,,,,,,,,
187,32.251498222351074,direct,direct,direct,0,0,0,3,0,0,2,0,,,,,,,,0,0,-1,,,,,,,,0,,,,,,,,0,,,,,,,,,0.0,0.0,,,,,,,,,,,,,,,,,,,,,,,,,,,,,,0,0,,,,,,,,,,,,,,,,,,,,,,,,,,,,,,
188,32.417868852615356,direct,direct,direct,0,0,0,3,0,0,2,0,,,,,,,,0,0,-1,,,,,,,,0,,,,,,,,0,,,,,,,,,0.0,0.0,,,,,,,,,,,,,,,,,,,,,,,,,,,,,,0,0,,,,,,,,,,,,,,,,,,,,,,,,,,,,,,
189,32.579792737960815,direct,direct,direct,0,0,0,3,0,0,2,0,,,,,,,,0,0,-1,,,,,,,,0,,,,,,,,0,,,,,,,,,0.0,0.0,,,,,,,,,,,,,,,,,,,,,,,,,,,,,,0,0,,,,,,,,,,,,,,,,,,,,,,,,,,,,,,
190,32.75824499130249,direct,direct,direct,0,0,0,3,0,0,2,0,,,,,,,,0,0,-1,,,,,,,,0,,,,,,,,0,,,,,,,,,0.0,0.0,,,,,,,,,,,,,,,,,,,,,,,,,,,,,,0,0,,,,,,,,,,,,,,,,,,,,,,,,,,,,,,
191,32.93352818489075,direct,direct,direct,0,0,0,3,0,0,2,0,,,,,,,,0,0,-1,,,,,,,,0,,,,,,,,0,,,,,,,,,0.0,0.0,,,,,,,,,,,,,,,,,,,,,,,,,,,,,,0,0,,,,,,,,,,,,,,,,,,,,,,,,,,,,,,
192,33.115442991256714,direct,direct,direct,0,0,0,3,0,0,2,0,,,,,,,,0,0,-1,,,,,,,,0,,,,,,,,0,,,,,,,,,0.0,0.0,,,,,,,,,,,,,,,,,,,,,,,,,,,,,,0,0,,,,,,,,,,,,,,,,,,,,,,,,,,,,,,
193,33.288647174835205,direct,direct,direct,0,0,0,3,0,0,2,0,,,,,,,,0,0,-1,,,,,,,,0,,,,,,,,0,,,,,,,,,0.0,0.0,,,,,,,,,,,,,,,,,,,,,,,,,,,,,,0,0,,,,,,,,,,,,,,,,,,,,,,,,,,,,,,
194,33.45437955856323,direct,direct,direct,0,0,0,3,0,0,2,0,,,,,,,,0,0,-1,,,,,,,,0,,,,,,,,0,,,,,,,,,0.0,0.0,,,,,,,,,,,,,,,,,,,,,,,,,,,,,,0,0,,,,,,,,,,,,,,,,,,,,,,,,,,,,,,
195,33.64511823654175,direct,direct,direct,0,0,0,3,0,0,2,0,,,,,,,,0,0,-1,,,,,,,,0,,,,,,,,0,,,,,,,,,0.0,0.0,,,,,,,,,,,,,,,,,,,,,,,,,,,,,,0,0,,,,,,,,,,,,,,,,,,,,,,,,,,,,,,
196,33.82574653625488,direct,direct,direct,0,0,0,3,0,0,2,0,,,,,,,,0,0,-1,,,,,,,,0,,,,,,,,0,,,,,,,,,0.0,0.0,,,,,,,,,,,,,,,,,,,,,,,,,,,,,,0,0,,,,,,,,,,,,,,,,,,,,,,,,,,,,,,
197,33.98557257652283,direct,direct,direct,0,0,0,3,0,0,2,0,,,,,,,,0,0,-1,,,,,,,,0,,,,,,,,0,,,,,,,,,0.0,0.0,,,,,,,,,,,,,,,,,,,,,,,,,,,,,,0,0,,,,,,,,,,,,,,,,,,,,,,,,,,,,,,
198,34.18147563934326,direct,direct,direct,0,0,0,3,0,0,2,0,,,,,,,,0,0,-1,,,,,,,,0,,,,,,,,0,,,,,,,,,0.0,0.0,,,,,,,,,,,,,,,,,,,,,,,,,,,,,,0,0,,,,,,,,,,,,,,,,,,,,,,,,,,,,,,
199,34.36574077606201,direct,direct,direct,0,0,0,3,0,0,2,0,,,,,,,,0,0,-1,,,,,,,,0,,,,,,,,0,,,,,,,,,0.0,0.0,,,,,,,,,,,,,,,,,,,,,,,,,,,,,,0,0,,,,,,,,,,,,,,,,,,,,,,,,,,,,,,
200,34.55438494682312,direct,direct,direct,0,0,0,3,0,0,2,0,,,,,,,,0,0,-1,,,,,,,,0,,,,,,,,0,,,,,,,,,0.0,0.0,,,,,,,,,,,,,,,,,,,,,,,,,,,,,,0,0,,,,,,,,,,,,,,,,,,,,,,,,,,,,,,
201,34.737343549728394,direct,direct,direct,0,0,0,3,0,0,2,0,,,,,,,,0,0,-1,,,,,,,,0,,,,,,,,0,,,,,,,,,0.0,0.0,,,,,,,,,,,,,,,,,,,,,,,,,,,,,,0,0,,,,,,,,,,,,,,,,,,,,,,,,,,,,,,
202,34.92792367935181,direct,direct,direct,0,0,0,3,0,0,2,0,,,,,,,,0,0,-1,,,,,,,,0,,,,,,,,0,,,,,,,,,0.0,0.0,,,,,,,,,,,,,,,,,,,,,,,,,,,,,,0,0,,,,,,,,,,,,,,,,,,,,,,,,,,,,,,
203,35.11848258972168,direct,direct,direct,0,0,0,3,0,0,2,0,,,,,,,,0,0,-1,,,,,,,,0,,,,,,,,0,,,,,,,,,0.0,0.0,,,,,,,,,,,,,,,,,,,,,,,,,,,,,,0,0,,,,,,,,,,,,,,,,,,,,,,,,,,,,,,
204,35.29145050048828,direct,direct,direct,0,0,0,3,0,0,2,0,,,,,,,,0,0,-1,,,,,,,,0,,,,,,,,0,,,,,,,,,0.0,0.0,,,,,,,,,,,,,,,,,,,,,,,,,,,,,,0,0,,,,,,,,,,,,,,,,,,,,,,,,,,,,,,
205,35.4764301776886,direct,direct,direct,0,0,0,3,0,0,2,0,,,,,,,,0,0,-1,,,,,,,,0,,,,,,,,0,,,,,,,,,0.0,0.0,,,,,,,,,,,,,,,,,,,,,,,,,,,,,,0,0,,,,,,,,,,,,,,,,,,,,,,,,,,,,,,
206,35.650606870651245,direct,direct,direct,0,0,0,3,0,0,2,0,,,,,,,,0,0,-1,,,,,,,,0,,,,,,,,0,,,,,,,,,0.0,0.0,,,,,,,,,,,,,,,,,,,,,,,,,,,,,,0,0,,,,,,,,,,,,,,,,,,,,,,,,,,,,,,
207,35.840490102767944,direct,direct,direct,0,0,0,3,0,0,2,0,,,,,,,,0,0,-1,,,,,,,,0,,,,,,,,0,,,,,,,,,0.0,0.0,,,,,,,,,,,,,,,,,,,,,,,,,,,,,,0,0,,,,,,,,,,,,,,,,,,,,,,,,,,,,,,
208,36.01292848587036,direct,direct,direct,0,0,0,3,0,0,2,0,,,,,,,,0,0,-1,,,,,,,,0,,,,,,,,0,,,,,,,,,0.0,0.0,,,,,,,,,,,,,,,,,,,,,,,,,,,,,,0,0,,,,,,,,,,,,,,,,,,,,,,,,,,,,,,
209,36.18898105621338,direct,direct,direct,0,0,0,3,0,0,2,0,,,,,,,,0,0,-1,,,,,,,,0,,,,,,,,0,,,,,,,,,0.0,0.0,,,,,,,,,,,,,,,,,,,,,,,,,,,,,,0,0,,,,,,,,,,,,,,,,,,,,,,,,,,,,,,
210,36.36473822593689,direct,direct,direct,0,0,0,3,0,0,2,0,,,,,,,,0,0,-1,,,,,,,,0,,,,,,,,0,,,,,,,,,0.0,0.0,,,,,,,,,,,,,,,,,,,,,,,,,,,,,,0,0,,,,,,,,,,,,,,,,,,,,,,,,,,,,,,
211,36.553667068481445,direct,direct,direct,0,0,0,3,0,0,2,0,,,,,,,,0,0,-1,,,,,,,,0,,,,,,,,0,,,,,,,,,0.0,0.0,,,,,,,,,,,,,,,,,,,,,,,,,,,,,,0,0,,,,,,,,,,,,,,,,,,,,,,,,,,,,,,
212,36.70922064781189,direct,direct,direct,0,0,0,3,0,0,2,0,,,,,,,,0,0,-1,,,,,,,,0,,,,,,,,0,,,,,,,,,0.0,0.0,,,,,,,,,,,,,,,,,,,,,,,,,,,,,,0,0,,,,,,,,,,,,,,,,,,,,,,,,,,,,,,
213,36.88308048248291,direct,direct,direct,0,0,0,3,0,0,2,0,,,,,,,,0,0,-1,,,,,,,,0,,,,,,,,0,,,,,,,,,0.0,0.0,,,,,,,,,,,,,,,,,,,,,,,,,,,,,,0,0,,,,,,,,,,,,,,,,,,,,,,,,,,,,,,
214,37.0538911819458,direct,direct,direct,0,0,0,3,0,0,2,0,,,,,,,,0,0,-1,,,,,,,,0,,,,,,,,0,,,,,,,,,0.0,0.0,,,,,,,,,,,,,,,,,,,,,,,,,,,,,,0,0,,,,,,,,,,,,,,,,,,,,,,,,,,,,,,
215,37.2155225276947,direct,direct,direct,0,0,0,3,0,0,2,0,,,,,,,,0,0,-1,,,,,,,,0,,,,,,,,0,,,,,,,,,0.0,0.0,,,,,,,,,,,,,,,,,,,,,,,,,,,,,,0,0,,,,,,,,,,,,,,,,,,,,,,,,,,,,,,
216,37.405866622924805,direct,direct,direct,0,0,0,3,0,0,2,0,,,,,,,,0,0,-1,,,,,,,,0,,,,,,,,0,,,,,,,,,0.0,0.0,,,,,,,,,,,,,,,,,,,,,,,,,,,,,,0,0,,,,,,,,,,,,,,,,,,,,,,,,,,,,,,
217,37.58118486404419,direct,direct,direct,0,0,0,3,0,0,2,0,,,,,,,,0,0,-1,,,,,,,,0,,,,,,,,0,,,,,,,,,0.0,0.0,,,,,,,,,,,,,,,,,,,,,,,,,,,,,,0,0,,,,,,,,,,,,,,,,,,,,,,,,,,,,,,
218,37.73434805870056,direct,direct,direct,0,0,0,3,0,0,2,0,,,,,,,,0,0,-1,,,,,,,,0,,,,,,,,0,,,,,,,,,0.0,0.0,,,,,,,,,,,,,,,,,,,,,,,,,,,,,,0,0,,,,,,,,,,,,,,,,,,,,,,,,,,,,,,
219,37.89348840713501,direct,direct,direct,0,0,0,3,0,0,2,0,,,,,,,,0,0,-1,,,,,,,,0,,,,,,,,0,,,,,,,,,0.0,0.0,,,,,,,,,,,,,,,,,,,,,,,,,,,,,,0,0,,,,,,,,,,,,,,,,,,,,,,,,,,,,,,
220,38.037081241607666,direct,direct,direct,0,0,0,3,0,0,2,0,,,,,,,,0,0,-1,,,,,,,,0,,,,,,,,0,,,,,,,,,0.0,0.0,,,,,,,,,,,,,,,,,,,,,,,,,,,,,,0,0,,,,,,,,,,,,,,,,,,,,,,,,,,,,,,
221,38.18727135658264,direct,direct,direct,0,0,0,3,0,0,2,0,,,,,,,,0,0,-1,,,,,,,,0,,,,,,,,0,,,,,,,,,0.0,0.0,,,,,,,,,,,,,,,,,,,,,,,,,,,,,,0,0,,,,,,,,,,,,,,,,,,,,,,,,,,,,,,
222,38.34280610084534,direct,direct,direct,0,0,0,3,0,0,2,0,,,,,,,,0,0,-1,,,,,,,,0,,,,,,,,0,,,,,,,,,0.0,0.0,,,,,,,,,,,,,,,,,,,,,,,,,,,,,,0,0,,,,,,,,,,,,,,,,,,,,,,,,,,,,,,
223,38.49329948425293,direct,direct,direct,0,0,0,3,0,0,2,0,,,,,,,,0,0,-1,,,,,,,,0,,,,,,,,0,,,,,,,,,0.0,0.0,,,,,,,,,,,,,,,,,,,,,,,,,,,,,,0,0,,,,,,,,,,,,,,,,,,,,,,,,,,,,,,
224,38.63907504081726,direct,direct,direct,0,0,0,3,0,0,2,0,,,,,,,,0,0,-1,,,,,,,,0,,,,,,,,0,,,,,,,,,0.0,0.0,,,,,,,,,,,,,,,,,,,,,,,,,,,,,,0,0,,,,,,,,,,,,,,,,,,,,,,,,,,,,,,
225,38.79063534736633,direct,direct,direct,0,0,0,3,0,0,2,0,,,,,,,,0,0,-1,,,,,,,,0,,,,,,,,0,,,,,,,,,0.0,0.0,,,,,,,,,,,,,,,,,,,,,,,,,,,,,,0,0,,,,,,,,,,,,,,,,,,,,,,,,,,,,,,
